id,text,label,target_jlpt
E001,今日はとても寒いですね。,easy,N5
E002,私は毎朝コーヒーを飲みます。,easy,N5
E003,駅の前に小さい公園があります。,easy,N5
E004,この本はとても面白いです。,easy,N5
E005,友だちと映画を見に行きました。,easy,N5
E006,昨日の夜はよく眠れませんでした。,easy,N5
E007,明日は早く起きなければなりません。,easy,N5
E008,私は日本語を勉強しています。,easy,N5
E009,この店はいつも人が多いです。,easy,N5
E010,机の上にノートがあります。,easy,N5
E011,朝ごはんを食べてから学校へ行きます。,easy,N4
E012,ここで写真を撮ってもいいですか。,easy,N4
E013,彼は料理を作るのが上手です。,easy,N4
E014,今日は忙しいので家で休みます。,easy,N4
E015,この問題は少し難しいと思います。,easy,N4
E016,電車が遅れたので遅刻しました。,easy,N4
E017,週末に友人と山へ登る予定です。,easy,N4
E018,私は音楽を聞きながら勉強します。,easy,N4
E019,新しい靴を買いたいです。,easy,N4
E020,駅まで歩くと十五分ぐらいかかります。,easy,N4
E021,彼女は図書館で本を読んでいます。,easy,N4
E022,今日は昨日より暖かいです。,easy,N4
E023,私は毎晩日記を書いています。,easy,N4
E024,昼ごはんにラーメンを食べました。,easy,N4
E025,窓を開けると涼しい風が入ります。,easy,N4
E026,旅行の前にホテルを予約しました。,easy,N4
E027,先生に質問をしてもいいですか。,easy,N4
E028,この町は静かで住みやすいです。,easy,N4
E029,彼は日本に三年間住んでいました。,easy,N4
E030,今から買い物に出かけます。,easy,N4
E031,雨が降りそうだから傘を持っていきます。,easy,N4
E032,このカメラは使い方が簡単です。,easy,N4
E033,電車の中で本を読むことが多いです。,easy,N4
E034,母は毎日早く起きて弁当を作ります。,easy,N4
E035,来月大阪へ出張に行きます。,easy,N4
E036,ここに名前を書いてください。,easy,N4
E037,この料理は少し辛いですね。,easy,N4
E038,仕事が終わったら連絡してください。,easy,N4
E039,私は犬より猫が好きです。,easy,N4
E040,週末は家族と食事をします。,easy,N4
E041,彼は外国語を学ぶのが好きです。,easy,N4
E042,この橋を渡ると駅に着きます。,easy,N4
E043,今日は会議が三つあります。,easy,N4
E044,私はコーヒーよりお茶をよく飲みます。,easy,N4
E045,部屋をきれいに掃除しました。,easy,N4
E046,図書館は九時に開きます。,easy,N4
E047,この道をまっすぐ行ってください。,easy,N4
E048,新しいレストランができました。,easy,N4
E049,子どもたちは公園で遊んでいます。,easy,N4
E050,明日の予定を確認しましょう。,easy,N4
E051,今日は午後から雨が降るそうです。,easy,N4
E052,私は週末に家族と食事をします。,easy,N4
E053,この町は静かで住みやすいです。,easy,N4
E054,彼は毎日早く会社に行きます。,easy,N4
E055,図書館で新しい本を借りました。,easy,N4
E056,駅まで歩くと二十分ぐらいかかります。,easy,N4
E057,この料理は少し辛いですがおいしいです。,easy,N4
E058,彼女は外国語を勉強するのが好きです。,easy,N4
E059,昨日の夜はあまり眠れませんでした。,easy,N4
E060,私は毎朝ニュースを読みます。,easy,N4
E061,友達と話してもいいです。,easy,N5
E062,手を洗ってからご飯を食べます。,easy,N5
E063,毎朝コーヒーを飲みます。,easy,N5
E064,学校に行くとき、雨が降っていました。,easy,N5
E065,このケーキはとても美味しいです。,easy,N5
E066,夏休みに海に行くつもりです。,easy,N5
E067,明日までに宿題を出さなければならない。,easy,N5
E068,新しいカバンを買いました。,easy,N5
E069,電話をかける前に名前を確認してください。,easy,N5
E070,雨が降っても、学校に行きます。,easy,N5
E071,映画を見ながらポップコーンを食べました。,easy,N5
E072,この道は歩きやすいです。,easy,N5
E073,本を読むのが好きです。,easy,N5
E074,漢字を覚えるのが大変です。,easy,N5
E075,彼はサッカーが上手です。,easy,N5
E076,この中で誰が一番早く走れますか。,easy,N5
E077,お金が必要です。,easy,N5
E078,この料理は辛いですが、美味しいです。,easy,N5
E079,日本に行ったことがありますか。,easy,N5
E080,先生に手紙を書きました。,easy,N5
E081,お菓子を食べないでください。,easy,N5
E082,勉強しなくてもいいです。,easy,N5
E083,毎日運動しなくちゃ。,easy,N5
E084,レポートを書かなくてはいけません。,easy,N5
E085,医者になりたいです。,easy,N5
E086,雨が降っているんです。,easy,N5
E087,明日、友達に会います。,easy,N5
E088,コーヒーにします。,easy,N5
E089,これは私の本です。,easy,N5
E090,試験のために勉強するのです。,easy,N5
E091,ピアノを弾くのが下手です。,easy,N5
E092,サッカーをするのが上手です。,easy,N5
E093,読書をするのが好きです。,easy,N5
E094,この中で誰が一番背が高いですか。,easy,N5
E095,雨なので出かけません。,easy,N5
E096,パンを食べます。,easy,N5
E097,水をください。,easy,N5
E098,勉強しました。しかし、テストは難しかったです。,easy,N5
E099,食べすぎると太ります。,easy,N5
E100,日本に行ったことがあります。,easy,N5
E101,映画を見たいです。,easy,N5
E102,休みの日は本を読んだり散歩したりします。,easy,N5
E103,窓が開いています。,easy,N5
E104,宿題をしてから遊びます。,easy,N5
E105,今から出かけましょう。,easy,N5
E106,彼女は優しいでしょう。,easy,N5
E107,どんなスポーツが好きですか。,easy,N5
E108,どうして遅刻したのですか。,easy,N5
E109,手紙をどうやって書きますか。,easy,N5
E110,兄が新しい車を買いました。,easy,N5
E111,ケーキが食べたいです。,easy,N5
E112,犬が庭にいます。,easy,N5
E113,毎日野菜を食べたほうがいいです。,easy,N5
E114,この映画は面白いです。,easy,N5
E115,りんごが一番好きです。,easy,N5
E116,友達と一緒に遊びます。,easy,N5
E117,私はいつも朝ごはんを食べます。,easy,N5
E118,これはりんごじゃないです。,easy,N5
E119,これはペンですか。,easy,N5
E120,紅茶かコーヒー、どちらがいいですか。,easy,N5
E121,授業の間に友達と話しました。,easy,N4
E122,子供の間、遊ぶのが大好きです。,easy,N4
E123,あまりお金がありません。,easy,N4
E124,後で電話します。,easy,N4
E125,行く場合は早めに準備してください。,easy,N4
E126,この本は読むばかりです。,easy,N4
E127,努力だけで成功できません。,easy,N4
E128,急に雨が降り出しました。,easy,N4
E129,お客様でございます。,easy,N4
E130,仕事を始める前にコーヒーを飲みます。,easy,N4
E131,約束までに宿題を終わらせます。,easy,N4
E132,そのままの状態で置いてください。,easy,N4
E133,コーヒーまたは紅茶、どちらにしますか。,easy,N4
E134,彼の話は本当みたいだ。,easy,N4
E135,先生のように日本語を話せるようになりたい。,easy,N4
E136,忙しくてなかなか勉強できない。,easy,N4
E137,宿題をしなければいけない。,easy,N4
E138,明日雨なら、出かけません。,easy,N4
E139,早く寝なさい。,easy,N4
E140,社長がおっしゃることを聞きます。,easy,N4
E141,彼に気がつきましたか。,easy,N4
E142,窓の外に美しい景色が見えます。,easy,N4
E143,部屋をきれいにする。,easy,N4
E144,この道は歩きにくいです。,easy,N4
E145,この仕事の中で田中さんが一番上手です。,easy,N4
E146,勉強するのに時間がかかります。,easy,N4
E147,この本を読むのは楽しいです。,easy,N4
E148,お客様、お待ちください。,easy,N4
E149,毎日5分おきに水を飲みます。,easy,N4
E150,仕事を終わらせました。,easy,N4
E151,漢字を覚えられるように続けています。,easy,N4
E152,彼女はたばかりです。,easy,N4
E153,宿題をしたところです。,easy,N4
E154,ドアが急に開き出しました。,easy,N4
E155,田中さんに手伝ってもらいました。,easy,N4
E156,子供に遊ばせてください。,easy,N4
E157,さすが先生ですね。,easy,N4
E158,昨日、買い物に行きましたし、掃除もしました。,easy,N4
E159,そんなに難しくないです。,easy,N4
E160,天気が悪くても出かけます。,easy,N4
E161,ニュースによると明日は晴れるそうだ。,easy,N4
E162,窓の外を見ると雪が降っているそうです。,easy,N4
E163,学校に行くのは大変ですが、楽しいです。,easy,N4
E164,漢字を覚えるのは簡単ではありません。,easy,N4
E165,パーティーのためにケーキを作りました。,easy,N4
E166,運動するようにしています。,easy,N4
E167,日本語を話せるように頑張っています。,easy,N4
E168,忘れ物をしないように注意してください。,easy,N4
E169,友達に聞いてもらいました。,easy,N4
E170,弟に宿題を手伝ってあげました。,easy,N4
E171,忙しいですが、旅行に行きます。,easy,N4
E172,そんなに疲れているのですか。,easy,N4
E173,彼は毎日走ることにしています。,easy,N4
E174,明日までにレポートを書かなければなりません。,easy,N4
E175,この問題は簡単に解けます。,easy,N4
E176,机の上に本が置いてあります。,easy,N4
E177,子供が泣いてしまいました。,easy,N4
E178,先生に質問してみます。,easy,N4
E179,少し休んだほうがいいです。,easy,N4
E180,電車に乗る前に切符を買います。,easy,N4
E181,宿題を忘れてしまいました。,easy,N4
E182,図書館で本を読んでいるところです。,easy,N4
E183,雨でも散歩に行きます。,easy,N4
E184,毎朝ジョギングをしています。,easy,N4
E185,友達と会うと元気になります。,easy,N4
E186,そう言ってもいいです。,easy,N4
E187,新しい本ということです。,easy,N4
E188,友達と言われています。,easy,N4
E189,先生と聞きました。,easy,N4
E190,私はそう思います。,easy,N4
E191,週末は映画とか買い物とかをします。,easy,N4
E192,今から出かけるところです。,easy,N4
E193,このゲームを続けます。,easy,N4
E194,手伝っていただけませんか。,easy,N4
E195,友達に助けてくれました。,easy,N4
E196,明日までに宿題を終わらせておきます。,easy,N4
E197,間違えてしまいました。,easy,N4
E198,宿題をしてすみません。,easy,N4
E199,この仕事をしてやる。,easy,N4
E200,試験が終わってよかったです。,easy,N4
E201,今、勉強しているところです。,easy,N4
E202,勉強しても、あまり覚えられません。,easy,N4
E203,雨が降ると、道が滑りやすいです。,easy,N4
E204,この仕事は簡単と言ってもいいです。,easy,N4
E205,これは「漢字」という。,easy,N4
E206,田中さんは親切だということです。,easy,N4
E207,学生と言われています。,easy,N4
E208,明日行くと思います。,easy,N4
E209,新しいゲームを買うかもしれません。,easy,N4
E210,明日何をするかしら。,easy,N4
E211,明日行くかな。,easy,N4
E212,このケーキは小麦粉から作る。,easy,N4
E213,明日はきっと晴れます。,easy,N4
E214,子供の頃、よく遊びました。,easy,N4
E215,料理を作ることがあります。,easy,N4
E216,早く起きることができます。,easy,N4
E217,来週、日本に行くことになります。,easy,N4
E218,毎朝、ジョギングすることにします。,easy,N4
E219,宿題を忘れないようにする。,easy,N4
E220,毎日日本語を勉強しようと思います。,easy,N4
E221,ぜひ来てください。,easy,N4
E222,全然わかりません。,easy,N4
E223,この本は読みにくいです。,easy,N4
E224,漢字を覚えるのは大変です。,easy,N4
E225,漢字を覚えるのは簡単です。,easy,N4
E226,この料理は食べやすいです。,easy,N4
E227,やっと宿題が終わりました。,easy,N4
E228,昨日より今日の方が暑いです。,easy,N4
E229,来週は旅行の予定です。,easy,N4
E230,外は寒いようです。,easy,N4
E231,彼のような人になりたいです。,easy,N4
E232,毎朝ジョギングするようになりました。,easy,N4
E233,忘れ物をしないようにします。,easy,N4
E234,宿題をやろうと思います。,easy,N4
E235,ぜひ参加してください。,easy,N4
E236,全然勉強していません。,easy,N4
E237,この道は歩きづらいです。,easy,N4
E238,机の上に本があります。,easy,N4
E239,やっと仕事が終わりました。,easy,N4
E240,昨日より今日の方が忙しいです。,easy,N4
E241,先生は学生より親切です。,easy,N4
E242,問題を解くより勉強する方が大事です。,easy,N4
E243,仕事をしている間に電話がかかってきました。,easy,N4
E244,勉強している間に友達が来ました。,easy,N4
E245,あまりテレビを見ません。,easy,N4
E246,後でまた会いましょう。,easy,N4
E247,雨が降れば、出かけません。,easy,N4
E248,明日行く場合は知らせてください。,easy,N4
E249,本を読むばかりです。,easy,N4
E250,急に電話が鳴りました。,easy,N4
E251,ここにございます。,easy,N4
E252,勉強を始める前に準備してください。,easy,N4
E253,締め切りまでにレポートを出してください。,easy,N4
E254,このままにしておきます。,easy,N4
E255,紅茶またはコーヒーにしますか。,easy,N4
E256,彼の話は本当みたいです。,easy,N4
E257,先生のように話せるようになりたいです。,easy,N4
E258,忙しくてなかなか勉強できません。,easy,N4
E259,宿題をしなければいけません。,easy,N4
E260,明日雨なら、出かけません。,easy,N4
E261,早く寝なさい。,easy,N4
E262,社長がおっしゃることを聞きます。,easy,N4
E263,気がつきましたか。,easy,N4
E264,窓の外に景色が見えます。,easy,N4
E265,部屋をきれいにする。,easy,N4
E266,この道は歩きにくいです。,easy,N4
E267,この仕事の中で田中さんが一番上手です。,easy,N4
E268,勉強するのに時間がかかります。,easy,N4
E269,この本を読むのは楽しいです。,easy,N4
E270,お客様、お待ちください。,easy,N4
E271,毎日5分おきに水を飲みます。,easy,N4
E272,仕事を終わらせました。,easy,N4
E273,漢字を覚えられるように続けています。,easy,N4
E274,彼女はたばかりです。,easy,N4
E275,宿題をしたところです。,easy,N4
E276,ドアが急に開き出しました。,easy,N4
E277,田中さんに手伝ってもらいました。,easy,N4
E278,子供に遊ばせてください。,easy,N4
E279,さすが先生ですね。,easy,N4
E280,昨日、買い物に行きましたし、掃除もしました。,easy,N4
E281,そんなに難しくないです。,easy,N4
E282,天気が悪くても出かけます。,easy,N4
E283,ニュースによると明日は晴れるそうです。,easy,N4
E284,窓の外を見ると雪が降っているそうです。,easy,N4
E285,学校に行くのは大変ですが、楽しいです。,easy,N4
E286,漢字を覚えるのは簡単ではありません。,easy,N4
E287,パーティーのためにケーキを作りました。,easy,N4
E288,運動するようにしています。,easy,N4
E289,日本語を話せるように頑張っています。,easy,N4
E290,忘れ物をしないように注意してください。,easy,N4
E291,友達に聞いてもらいました。,easy,N4
E292,弟に宿題を手伝ってあげました。,easy,N4
E293,忙しいですが、旅行に行きます。,easy,N4
E294,そんなに疲れているのですか。,easy,N4
E295,彼は毎日走ることにしています。,easy,N4
E296,明日までにレポートを書かなければなりません。,easy,N4
E297,この問題は簡単に解けます。,easy,N4
E298,机の上に本が置いてあります。,easy,N4
E299,子供が泣いてしまいました。,easy,N4
E300,先生に質問してみます。,easy,N4

M001,本を読み上げました。,medium,N3
M002,作文を書き上げるのに三時間かかった。,medium,N3
M003,あまり疲れていない。,medium,N3
M004,あまり考えすぎないほうがいい。,medium,N3
M005,あまりにも静かで眠くなった。,medium,N3
M006,あまりにも急いでいて、忘れ物をした。,medium,N3
M007,友達と意見が合う。,medium,N3
M008,プロジェクトの計画をみんなで合う。,medium,N3
M009,もっと野菜を食べればいい。,medium,N3
M010,わからなければ、先生に聞けばいい。,medium,N3
M011,早く行けばよかった。,medium,N3
M012,もっと勉強すればよかった。,medium,N3
M013,勉強すればするほど漢字が覚えやすくなる。,medium,N3
M014,走れば走るほど体力がつく。,medium,N3
M015,行けば会えるのに。,medium,N3
M016,早く寝ればよかったのに。,medium,N3
M017,この部屋は本ばかりで散らかっている。,medium,N3
M018,冷蔵庫の中は食べ物ばかりでいっぱいだ。,medium,N3
M019,この町は観光地ばかりでなく、自然も多い。,medium,N3
M020,彼は優秀なだけでなく、努力家でもある。,medium,N3
M021,もっと勉強すべきだ。,medium,N3
M022,運動するべきだ。,medium,N3
M023,夜遅くまで起きるべきではない。,medium,N3
M024,無理に働くべきではない。,medium,N3
M025,別に困っていない。,medium,N3
M026,別に欲しいものはない。,medium,N3
M027,十年ぶりに友達に会った。,medium,N3
M028,久しぶりに映画館に行った。,medium,N3
M029,会議中は電話に出ないようにしてください。,medium,N3
M030,旅行中、雨が多かった。,medium,N3
M031,昼ごはんだけ食べた。,medium,N3
M032,一日だけ休むことにした。,medium,N3
M033,彼は勉強だけでなく運動も得意だ。,medium,N3
M034,この部屋は広いだけでなく明るい。,medium,N3
M035,試験は難しかったけど、頑張った。,medium,N3
M036,天気は悪いけど、散歩に行った。,medium,N3
M037,靴だらけの部屋で歩くのが大変だ。,medium,N3
M038,机の上は紙だらけで整理できない。,medium,N3
M039,どんなに練習しても上手にならない。,medium,N3
M040,どんなに急いでも遅刻してしまう。,medium,N3
M041,どうしても行きたい。,medium,N3
M042,どうしてもこの仕事を終わらせたい。,medium,N3
M043,知らないふりをする。,medium,N3
M044,疲れているふりをして寝た。,medium,N3
M045,ふと窓の外を見ると雪が降っていた。,medium,N3
M046,ふと思い出したことがある。,medium,N3
M047,最近、風邪がちだ。,medium,N3
M048,子供は忘れ物がちだ。,medium,N3
M049,この漢字は覚えがたい。,medium,N3
M050,問題の答えが信じがたい。,medium,N3
M051,風邪気味なので、早く寝ます。,medium,N3
M052,最近、疲れ気味だ。,medium,N3
M053,一時間ごとに休憩を取る。,medium,N3
M054,ページごとにイラストがあります。,medium,N3
M055,痛いほど寒い。,medium,N3
M056,悔しいほど勉強した。,medium,N3
M057,彼は僕のことを知らないことはない。,medium,N3
M058,その映画は面白いことはない。,medium,N3
M059,彼は遊んでばかりで仕事をしない。,medium,N3
M060,休んでばかりでは成長できない。,medium,N3
M061,この商品は値段ばかりでなく品質も良い。,medium,N3
M062,彼は頭がいいばかりでなく優しい。,medium,N3
M063,もっと運動すべきだ。,medium,N3
M064,約束を守るべきだ。,medium,N3
M065,無理に話すべきではない。,medium,N3
M066,危険な行為をすべきではない。,medium,N3
M067,別に気にしていない。,medium,N3
M068,別に急ぐ必要はない。,medium,N3
M069,五年ぶりに故郷に帰った。,medium,N3
M070,久しぶりに山登りをした。,medium,N3
M071,会議中に集中すること。,medium,N3
M072,旅行中、雨が多かった。,medium,N3
M073,昼食だけ食べてすぐ出かけた。,medium,N3
M074,一週間だけ休暇を取った。,medium,N3
M075,日本語だけでなく英語も話せる。,medium,N3
M076,数学だけでなく理科も得意だ。,medium,N3
M077,天気は悪いけど散歩に行った。,medium,N3
M078,忙しいけど友達に会いたい。,medium,N3
M079,部屋はほこりだらけだ。,medium,N3
M080,机の上は書類だらけで整理できない。,medium,N3
M081,どんなに練習しても上手にならない。,medium,N3
M082,どんなに高くても買いたい。,medium,N3
M083,どうしても今日中に終わらせたい。,medium,N3
M084,どうしても行かなくてはいけない。,medium,N3
M085,知らないふりをする。,medium,N3
M086,忙しいふりをして部屋を出た。,medium,N3
M087,ふと通りを見ると猫がいた。,medium,N3
M088,ふと思い出して笑った。,medium,N3
M089,最近、体調が悪いがちだ。,medium,N3
M090,子供はゲームをしがちだ。,medium,N3
M091,この漢字は覚えがたい。,medium,N3
M092,理解しがたい話だった。,medium,N3
M093,風邪気味で学校を休む。,medium,N3
M094,疲れ気味で集中できない。,medium,N3
M095,毎日、駅ごとに電車を降りる。,medium,N3
M096,日にちごとに気温が変わる。,medium,N3
M097,寒いほど眠くなる。,medium,N3
M098,嬉しいほどお金を使った。,medium,N3
M099,この映画はつまらないことはない。,medium,N3
M100,この料理は不味いことは～が、見た目はいい。,medium,N3
M101,仕事をしてばかりいる。,medium,N3
M102,テレビを見てばかりいないで勉強しなさい。,medium,N3
M103,試してごらん。,medium,N3
M104,こっちを見てごらん。,medium,N3
M105,この本を読んで初めてわかった。,medium,N3
M106,説明を聞いてはじめて理解できた。,medium,N3
M107,宿題をしてからでないと遊べない。,medium,N3
M108,準備をしてからでないと出発できない。,medium,N3
M109,眠くてしょうがない。,medium,N3
M110,この映画は面白くてしょうがない。,medium,N3
M111,これだけ勉強しても始まらない。,medium,N3
M112,努力しても始まらないこともある。,medium,N3
M113,遅れてもかまわない。,medium,N3
M114,途中で休んでもかまわない。,medium,N3
M115,失敗してもしょうがない。,medium,N3
M116,怒られてもしょうがない。,medium,N3
M117,日本と言えば寿司を思い出す。,medium,N3
M118,夏と言えば海に行きたい。,medium,N3
M119,早く寝るといい。,medium,N3
M120,雨が降ったらいい。,medium,N3
M121,簡単だといっても難しい部分もある。,medium,N3
M122,学生だといっても遊んでばかりいる。,medium,N3
M123,運動会ということだ。,medium,N3
M124,明日休みということだ。,medium,N3
M125,明日行くというのは本当ですか。,medium,N3
M126,遅れるというのは困る。,medium,N3
M127,日本と言うと桜を思い浮かべる。,medium,N3
M128,夏と言うと海を思い出す。,medium,N3
M129,勉強というより遊んでいる。,medium,N3
M130,映画を見るというより寝ていた。,medium,N3
M131,忙しいとみえる。,medium,N3
M132,疲れているとみえて早く寝た。,medium,N3
M133,雨が降るとすれば傘が必要だ。,medium,N3
M134,明日行くとすれば早く出発しよう。,medium,N3
M135,友達と共に旅行する。,medium,N3
M136,親と共に山登りをした。,medium,N3
M137,途中で雨が降ってきた。,medium,N3
M138,帰る途中で財布を落とした。,medium,N3
M139,ところで、明日の予定は？,medium,N3
M140,ところで、今晩は暇ですか。,medium,N3
M141,勉強したところが理解できなかった。,medium,N3
M142,急に電話がかかってきたところが驚いた。,medium,N3
M143,予定どおりに進めた。,medium,N3
M144,説明どおりに作業した。,medium,N3
M145,最後までやり通す。,medium,N3
M146,計画をやり通した。,medium,N3
M147,教師として働く。,medium,N3
M148,専門家として意見を述べる。,medium,N3
M149,信じられないような話。,medium,N3
M150,信じられないように見える。,medium,N3
M151,こんなに疲れているとても遊べない。,medium,N3
M152,こんなに複雑だとても理解できない。,medium,N3
M153,つい窓を開けてしまった。,medium,N3
M154,ついメールを送ってしまった。,medium,N3
M155,ついに仕事が終わった。,medium,N3
M156,ついに夢が叶った。,medium,N3
M157,ついでにスーパーに寄った。,medium,N3
M158,ついでに郵便物も出した。,medium,N3
M159,つまり、彼は来ないということだ。,medium,N3
M160,つまり、この計画は中止です。,medium,N3
M161,つもりだったが行けなかった。,medium,N3
M162,つもりだったが忘れてしまった。,medium,N3
M163,つもりで頑張った。,medium,N3
M164,つもりで勉強していた。,medium,N3
M165,うちに宿題を終わらせてしまおう。,medium,N3
M166,うちに映画を見よう。,medium,N3
M167,上で注意してください。,medium,N3
M168,検討の上で決定します。,medium,N3
M169,上に勉強するべきだ。,medium,N3
M170,上に運動もするべきだ。,medium,N3
M171,彼は学生は別として仕事はできる。,medium,N3
M172,天気は別として旅行に行く。,medium,N3
M173,その店はラーメンはもちろん餃子も美味しい。,medium,N3
M174,彼女は英語はもちろんフランス語も話せる。,medium,N3
M175,東京タワーは観光で有名だ。,medium,N3
M176,この町は温泉で有名だ。,medium,N3
M177,遅刻したわけだ。,medium,N3
M178,熱があるわけだ。,medium,N3
M179,彼が来ないわけではない。,medium,N3
M180,疲れているわけではない。,medium,N3
M181,そんなことはわけがない。,medium,N3
M182,あの人が間違えるわけがない。,medium,N3
M183,大事な会議があるので休むわけにはいかない。,medium,N3
M184,予定があるので行くわけにはいかない。,medium,N3
M185,割に安いと思った。,medium,N3
M186,内容の割に面白かった。,medium,N3
M187,わざと遅れた。,medium,N3
M188,わざと見せなかった。,medium,N3
M189,わざわざ手伝ってくれてありがとう。,medium,N3
M190,わざわざ来なくてもよかったのに。,medium,N3
M191,よりも運動したほうがいい。,medium,N3
M192,勉強よりも遊ぶ時間が多い。,medium,N3
M193,こんなことはようがない。,medium,N3
M194,どうやっても解決しようがない。,medium,N3
M195,明日試合があるような気がする。,medium,N3
M196,今日雨が降るような気がする。,medium,N3
M197,早く帰るようにしてください。,medium,N3
M198,忘れ物をしないように気をつける。,medium,N3
M199,外は寒そうに見える。,medium,N3
M200,彼は疲れているように見える。,medium,N3
M201,彼は勉強しようとしない。,medium,N3
M202,子供は宿題をしようとしない。,medium,N3
M203,電車に乗らずに学校に行った。,medium,N3
M204,宿題をせずに遊んでいた。,medium,N3
M205,この景色を見ずにはいられない。,medium,N3
M206,あの映画は泣かずにはいられなかった。,medium,N3
M207,ケーキを一切れずつ食べた。,medium,N3
M208,チョコを一粒ずつ配った。,medium,N3
M209,会議の後、報告書を上げる。,medium,N3
M210,プロジェクトの資料を作り上げた。,medium,N3
M211,あまり本を読まない。,medium,N3
M212,あまりゲームをしない。,medium,N3
M213,あまりにも暑くて外に出られない。,medium,N3
M214,あまりにも静かで眠れない。,medium,N3
M215,意見が合う友達が欲しい。,medium,N3
M216,計画が合う人を探す。,medium,N3
M217,困ったら先生に聞けばいい。,medium,N3
M218,質問があれば相談すればいい。,medium,N3
M219,もう少し早く出ればよかった。,medium,N3
M220,もっと頑張ればよかった。,medium,N3
M221,読めば読むほど面白い。,medium,N3
M222,使えば使うほど便利になる。,medium,N3
M223,話せば話すのに上手になれるのに。,medium,N3
M224,頑張れば頑張るのに合格できたのに。,medium,N3
M225,部屋は本ばかりで散らかっている。,medium,N3
M226,机の上は紙ばかりで汚れている。,medium,N3
M227,彼は勉強ばかりでなく運動もする。,medium,N3
M228,彼女は歌ばかりでなくダンスも上手だ。,medium,N3
M229,勉強すべきだ。,medium,N3
M230,もっと運動すべきだ。,medium,N3
M231,夜遅く起きるべきではない。,medium,N3
M232,無理に話すべきではない。,medium,N3
M233,別に困っていない。,medium,N3
M234,別に欲しいものはない。,medium,N3
M235,久しぶりに友達に会った。,medium,N3
M236,十年ぶりに故郷に帰った。,medium,N3
M237,会議中に集中すること。,medium,N3
M238,旅行中、雨が多かった。,medium,N3
M239,昼食だけ食べた。,medium,N3
M240,一日だけ休むことにした。,medium,N3
M241,日本語だけでなく英語も話せる。,medium,N3
M242,数学だけでなく理科も得意だ。,medium,N3
M243,天気は悪いけど、散歩に行った。,medium,N3
M244,忙しいけど友達に会いたい。,medium,N3
M245,部屋はほこりだらけだ。,medium,N3
M246,机の上は書類だらけで整理できない。,medium,N3
M247,どんなに練習しても上手にならない。,medium,N3
M248,どんなに高くても買いたい。,medium,N3
M249,どうしても行きたい。,medium,N3
M250,どうしてもこの仕事を終わらせたい。,medium,N3
M251,知らないふりをする。,medium,N3
M252,疲れているふりをして寝た。,medium,N3
M253,ふと窓の外を見ると雪が降っていた。,medium,N3
M254,ふと思い出したことがある。,medium,N3
M255,最近、風邪がちだ。,medium,N3
M256,子供は忘れ物がちだ。,medium,N3
M257,この漢字は覚えがたい。,medium,N3
M258,問題の答えが信じがたい。,medium,N3
M259,風邪気味で学校を休む。,medium,N3
M260,疲れ気味で集中できない。,medium,N3
M261,毎日、駅ごとに電車を降りる。,medium,N3
M262,日にちごとに気温が変わる。,medium,N3
M263,寒いほど眠くなる。,medium,N3
M264,嬉しいほどお金を使った。,medium,N3
M265,この映画はつまらないことはない。,medium,N3
M266,この料理は不味いことは～が、見た目はいい。,medium,N3
M267,仕事をしてばかりいる。,medium,N3
M268,テレビを見てばかりいないで勉強しなさい。,medium,N3
M269,試してごらん。,medium,N3
M270,こっちを見てごらん。,medium,N3
M271,この本を読んで初めてわかった。,medium,N3
M272,説明を聞いてはじめて理解できた。,medium,N3
M273,宿題をしてからでないと遊べない。,medium,N3
M274,準備をしてからでないと出発できない。,medium,N3
M275,眠くてしょうがない。,medium,N3
M276,この映画は面白くてしょうがない。,medium,N3
M277,これだけ勉強しても始まらない。,medium,N3
M278,努力しても始まらないこともある。,medium,N3
M279,遅れてもかまわない。,medium,N3
M280,途中で休んでもかまわない。,medium,N3
M281,失敗してもしょうがない。,medium,N3
M282,怒られてもしょうがない。,medium,N3
M283,日本と言えば寿司を思い出す。,medium,N3
M284,夏と言えば海に行きたい。,medium,N3
M285,早く寝るといい。,medium,N3
M286,雨が降ったらいい。,medium,N3
M287,簡単だといっても難しい部分もある。,medium,N3
M288,学生だといっても遊んでばかりいる。,medium,N3
M289,運動会ということだ。,medium,N3
M290,明日休みということだ。,medium,N3
M291,明日行くというのは本当ですか。,medium,N3
M292,遅れるというのは困る。,medium,N3
M293,日本と言うと桜を思い浮かべる。,medium,N3
M294,夏と言うと海を思い出す。,medium,N3
M295,勉強というより遊んでいる。,medium,N3
M296,映画を見るというより寝ていた。,medium,N3
M297,忙しいとみえる。,medium,N3
M298,疲れているとみえて早く寝た。,medium,N3
M299,雨が降るとすれば傘が必要だ。,medium,N3
M300,明日行くとすれば早く出発しよう。,medium,N3


H001,彼は長年の努力のあげく、ついに国際会議で演説する機会を得た。,hard,N2
H002,その件については、あるいは他の専門家の意見も参考にすべきだ。,hard,N2
H003,新しい規則は一日ばかりで混乱を招いた。,hard,N2
H004,経済状況は悪化するばかりだと専門家は警告している。,hard,N2
H005,その失敗は彼の計画に影響を与えただけばかりか、信頼まで失わせた。,hard,N2
H006,遅刻したばかりに重要な会議に参加できなかった。,hard,N2
H007,ちなみに明日の会議は午後三時から始まります。,hard,N2
H008,その提案はちっとも現実的ではない。,hard,N2
H009,彼は経験者だけあって、問題解決の手際が素晴らしい。,hard,N2
H010,電車が遅れただけましだ、歩くよりは早かった。,hard,N2
H011,この企画は大変な労力を要するだけに、成功した時の喜びも大きい。,hard,N2
H012,努力の甲斐あって、研究チームは目覚ましい成果を上げた。,hard,N2
H013,あの演説家の話術は、聞く者を引き込むだけのことはある。,hard,N2
H014,責任者として最後までやり遂げるだけはある行動だった。,hard,N2
H015,彼だって疲れているだって、休む暇もなく働き続けている。,hard,N2
H016,これは単なる偶然でしかない、特別な意味はない。,hard,N2
H017,会議どころではない、プロジェクトの緊急修正が必要だ。,hard,N2
H018,その意見は予想どころか全く逆の結果を生んだ。,hard,N2
H019,どうやら雨が降り始めたようだ、傘を持っていない人は困るだろう。,hard,N2
H020,どうせ休暇中は家で過ごすつもりだし、特に予定はない。,hard,N2
H021,今回の実験では成功は得ない可能性が高い。,hard,N2
H022,慎重に検討すれば、もっと良い解決策を得ることができる。,hard,N2
H023,再び訪れる機会があれば、前回よりも深く学びたい。,hard,N2
H024,状況を把握するふうに会議中ずっと観察していた。,hard,N2
H025,彼の推薦がきっかけで、チームに新しいメンバーが加わった。,hard,N2
H026,周囲の反応を見て、彼はげに心配そうな顔をした。,hard,N2
H027,反面、技術力は優れているが、コミュニケーション能力には欠けている。,hard,N2
H028,果たして今回の政策は期待通りの効果をもたらすだろうか。,hard,N2
H029,一応計画は立てたが、実行するにはまだ準備が必要だ。,hard,N2
H030,会議には部長以外の者は以外は全員参加した。,hard,N2
H031,状況は以上に悪化しており、早急な対策が求められる。,hard,N2
H032,約束した以上は責任を果たさなければならない。,hard,N2
H033,この件については意見を述べる以上は、十分な情報を持つべきだ。,hard,N2
H034,いきなり電話が鳴ったので驚いた。,hard,N2
H035,問題は一気に解決できるものではなく、段階的に対処する必要がある。,hard,N2
H036,彼は慎重である一方で、時には大胆な判断を下す。,hard,N2
H037,いわゆる天才と呼ばれる人々も努力を重ねている。,hard,N2
H038,いよいよ決戦の時が訪れ、緊張感が高まった。,hard,N2
H039,この方針の上、部門間で十分な調整が必要だ。,hard,N2
H040,かのように彼は何も問題がないかのように振る舞った。,hard,N2
H041,準備が整ったかと思ったら、また新たな課題が出てきた。,hard,N2
H042,その知らせを聞くか～ないかのうちに、皆が動き始めた。,hard,N2
H043,かえって休暇を取ったことで、仕事がより効率的に進んだ。,hard,N2
H044,限り、努力を続けるしかない。,hard,N2
H045,この仕事には甲斐がある、達成感を味わえるからだ。,hard,N2
H046,彼の判断は間違いを招きかねない。,hard,N2
H047,今の状況では、簡単に決断することはかねる。,hard,N2
H048,今回のプロジェクトから言うと、全体の方向性を見直す必要がある。,hard,N2
H049,努力からこそ成功は生まれるのだ。,hard,N2
H050,外見から見ると彼は冷淡だが、実際は思いやりが深い。,hard,N2
H051,ここまで進めたからには、最後までやり遂げるべきだ。,hard,N2
H052,書類の内容からして、何か重大なミスがあるに違いない。,hard,N2
H053,経験からすると、この方法が最も安全だ。,hard,N2
H054,能力からすると、彼に任せるのが最適だろう。,hard,N2
H055,成功したからと言って、油断は禁物だ。,hard,N2
H056,可能性は低いが、試みないことには成功はありえない。,hard,N2
H057,新しい方針は現状にとって必ずしも最適とは言えない。,hard,N2
H058,彼は意欲的であるが、体力的には限界に近い。,hard,N2
H059,彼の行動は尊敬に値する。,hard,N2
H060,大会に向かって日々練習を重ねている。,hard,N2
H061,彼は経験が浅いくせして、重要な決断を任されている。,hard,N2
H062,まだしも軽い課題であれば対処できるが、今回の案件は複雑だ。,hard,N2
H063,今回の挑戦は困難なだけに、達成できれば大きな成果となる。,hard,N2
H064,彼の努力だけましだ、他の誰も手を付けようとしなかったのだから。,hard,N2
H065,予想以上の成果が出ただけに、チーム全員が満足している。,hard,N2
H066,彼が慎重なだけに、決断には時間がかかる。,hard,N2
H067,努力の甲斐があって、プロジェクトは順調に進んだ。,hard,N2
H068,状況が複雑なだけに、単純な解決策では済まない。,hard,N2
H069,今日の会議に出席する以上は、事前に資料を確認しておくべきだ。,hard,N2
H070,重要な情報を伝えることなく会議を終えたのは、無責任といわざるを得ない。,hard,N2
H071,緊急対応が必要なだけに、全員が一丸となって取り組んでいる。,hard,N2
H072,彼の説明は分かりにくいばかりか、矛盾も多い。,hard,N2
H073,部下の意見を聞かずに決めるのは、上司として許されるものではない。,hard,N2
H074,予算不足のため、計画の見直しを余儀なくされる。,hard,N2
H075,この決定には慎重さが求められることに間違いない。,hard,N2
H076,彼女は経験豊富であるだけに、的確な判断を下せる。,hard,N2
H077,状況を把握する以上は、すべての関係者に連絡すべきだ。,hard,N2
H078,問題は簡単に解決できるものではなく、時間をかけて取り組むべきだ。,hard,N2
H079,彼の発言には説得力があるばかりでなく、他者を鼓舞する力もある。,hard,N2
H080,努力が報われないこともあるが、それでも挑戦し続けるべきだ。,hard,N2
H081,現状を維持するだけではなく、改善策も同時に検討する必要がある。,hard,N2
H082,その意見には一理あるものの、全面的に賛成するわけにはいかない。,hard,N2
H083,彼は冷静な反面、感情を表に出すこともある。,hard,N2
H084,期待以上の成果を上げただけに、賞賛されるのも当然だ。,hard,N2
H085,彼が指摘した問題は軽視できないばかりか、深刻な影響も考えられる。,hard,N2
H086,契約を結ぶ以上は、双方の責任を明確にしておくべきだ。,hard,N2
H087,彼女の働きぶりは目立つだけでなく、同僚への配慮も忘れない。,hard,N2
H088,指示通りに行動するだけではなく、自分の判断も活かすべきだ。,hard,N2
H089,問題を先延ばしにしてはならない、迅速な対応が求められる。,hard,N2
H090,今回の経験をもとに、今後の方針を検討することにした。,hard,N2
H091,経験に関わらず、新しい技術には挑戦すべきだ。,hard,N2
H092,予想に反して、会議は予定よりも大幅に長引いた。,hard,N2
H093,困難に加えて、時間的制約も厳しかったため、計画の変更を余儀なくされた。,hard,N2
H094,目標を明確にすることに基づいて、各自が責任を持って行動した。,hard,N2
H095,契約条件に沿って、適切な手続きを進める必要がある。,hard,N2
H096,意見の相違にも関わらず、最終的には協力してプロジェクトを完成させた。,hard,N2
H097,彼の判断に伴って、全体の戦略も見直されることになった。,hard,N2
H098,過去の経験を踏まえて、慎重に対応することが求められる。,hard,N2
H099,新しい制度を機に、組織全体の業務改善が進められた。,hard,N2
H100,部下を叱責するだけではなく、具体的な改善策も示すべきだ。,hard,N2
H101,変化の多い状況をものともせず、彼は冷静に対応した。,hard,N2
H102,不利な状況をいいことに、無理な要求を押し切ろうとする者もいた。,hard,N2
H103,過去の失敗を顧みず、新たな挑戦に取り組む姿勢は素晴らしい。,hard,N2
H104,計画を立てるにあたって、全員の意見を尊重することが重要だ。,hard,N2
H105,プロジェクトの進行を控えて、予算の見直しが急務となった。,hard,N2
H106,彼の発言を契機に、議論が白熱し始めた。,hard,N2
H107,困難をものともせず、チームは予定通りに成果を上げた。,hard,N2
H108,予算削減を理由に、企画の縮小を余儀なくされるのは残念だ。,hard,N2
H109,新制度を導入するに際して、従業員への説明が欠かせない。,hard,N2
H110,彼の努力を認める以上は、適切な評価を行うべきだ。,hard,N2
H111,経済状況にかかわらず、長期的な戦略を立てる必要がある。,hard,N2
H112,彼女の提案をいいことに、上司は独断で決定を下した。,hard,N2
H113,変化の激しい業界にあっての柔軟な対応力は不可欠だ。,hard,N2
H114,会議での議論を経て、新たな方針が策定された。,hard,N2
H115,予測不能な事態を前提として、危機管理計画を作成するべきだ。,hard,N2
H116,努力を惜しむことなく取り組む姿勢は、後輩の模範となる。,hard,N2
H117,問題の解決を急ぐあまり、慎重さを欠くことのないよう注意が必要だ。,hard,N2
H118,経験の少なさをものともせず、彼は独自の方法で課題を乗り越えた。,hard,N2
H119,不測の事態を踏まえて、予備の計画も用意しておく。,hard,N2
H120,チームの意見を尊重することを前提として、最終決定を行った。,hard,N2
H121,予想外の事態に際して、迅速な判断が求められることは言うまでもない。,hard,N2
H122,彼の発言を踏まえて、新しい方針を検討する必要がある。,hard,N2
H123,過去の失敗にかかわらず、挑戦を続ける姿勢は賞賛に値する。,hard,N2
H124,緊急対応を強いられる状況にあっても、冷静さを失わないことが重要だ。,hard,N2
H125,長期的な視点に立って計画を立案することが不可欠である。,hard,N2
H126,部下の意見を尊重する以上は、適切な助言を行う責任が伴う。,hard,N2
H127,限られた時間の中で、最大限の成果を上げるために努力を惜しまない。,hard,N2
H128,技術の進歩を前提として、新しい戦略を構築する必要がある。,hard,N2
H129,予測困難な状況をものともせず、チームは成果を出し続けた。,hard,N2
H130,法律に則って、契約内容を厳格に確認することが求められる。,hard,N2
H131,彼の失敗を顧みることなく、再挑戦する勇気には感心させられる。,hard,N2
H132,不利な条件をいいことに、強引な決定を押し切る行為は避けるべきだ。,hard,N2
H133,プロジェクトの進行に伴って、必要なリソースも増加した。,hard,N2
H134,経験の有無にかかわらず、新しい課題に挑む姿勢が大切だ。,hard,N2
H135,問題発生のたびに、適切な対応策を即座に講じることが重要だ。,hard,N2
H136,計画を立てるにあたって、利害関係者全員の意見を反映させた。,hard,N2
H137,変化の激しい環境にあっても、柔軟に対応できる能力が求められる。,hard,N2
H138,上司の指示を受けつつ、自ら判断して行動することが期待される。,hard,N2
H139,成果が思わしくない場合でも、改善策を検討する努力を怠ってはならない。,hard,N2
H140,過去の経験を踏まえて、計画を微調整することは合理的だ。,hard,N2
H141,予算削減に伴って、プロジェクトの規模も縮小されることになった。,hard,N2
H142,部下の努力を認めるにあたって、具体的なフィードバックを与えることが重要だ。,hard,N2
H143,困難な状況にかかわらず、チーム全員が協力して目標を達成した。,hard,N2
H144,新しい制度の導入を契機に、組織全体の改善が進められた。,hard,N2
H145,経済状況に左右されることなく、長期的な視野で戦略を練るべきだ。,hard,N2
H146,予期せぬトラブルに直面した場合でも、冷静に対応する必要がある。,hard,N2
H147,過去の過ちを踏まえつつ、より効果的な方法を模索するべきだ。,hard,N2
H148,部下の意欲を高める以上は、適切な評価と支援を行うことが求められる。,hard,N2
H149,新たな挑戦にあっても、慎重さを欠かすことなく行動すべきだ。,hard,N2
H150,計画通りに進まない場合には、柔軟に方針を見直す必要がある。,hard,N2
H151,急な変更にかかわらず、チームは冷静に対応策を講じた。,hard,N2
H152,彼の努力を認めるだけでなく、適切な報酬も与えるべきだ。,hard,N2
H153,新しい技術の導入を契機に、業務効率が格段に向上した。,hard,N2
H154,計画を立てるにあたって、過去のデータを詳細に分析する必要がある。,hard,N2
H155,困難な状況をものともせず、部下たちは一致団結して成果を出した。,hard,N2
H156,法律に則った手続きを経て、契約は正式に締結された。,hard,N2
H157,予算削減の影響を受けることなく、重要な施策は維持された。,hard,N2
H158,部下の意見を尊重する以上は、的確な判断も求められる。,hard,N2
H159,状況の変化に応じて、計画の見直しを適時行うことが重要だ。,hard,N2
H160,予想外の事態に際しても、上司は冷静に指示を出した。,hard,N2
H161,過去の成功体験に引きずられることなく、新しい挑戦に挑むべきだ。,hard,N2
H162,緊急対応を迫られる状況にあって、判断の誤りは許されない。,hard,N2
H163,プロジェクトの進行状況を踏まえつつ、次の戦略を練る必要がある。,hard,N2
H164,部下の努力を顧みず、成果だけを評価する態度は問題だ。,hard,N2
H165,変化の激しい市場にあっても、柔軟性を保つことが競争力につながる。,hard,N2
H166,上司の指示を待つだけでなく、自ら判断して行動する姿勢が求められる。,hard,N2
H167,計画通りに進まない場合には、迅速に改善策を講じる必要がある。,hard,N2
H168,予期せぬトラブルに直面しても、冷静さを失わず対応するべきだ。,hard,N2
H169,過去の経験を踏まえて、計画を柔軟に修正することが望ましい。,hard,N2
H170,部下のモチベーションを高める以上は、適切な評価や支援が不可欠だ。,hard,N2
H171,新たな挑戦にあっても、慎重かつ果敢に行動することが求められる。,hard,N2
H172,計画の遅れを理由に、焦って判断を下すべきではない。,hard,N2
H173,緊急事態に直面した場合でも、冷静な判断を優先すべきだ。,hard,N2
H174,経験不足であれ、積極的に課題に取り組む姿勢が重要である。,hard,N2
H175,過去の失敗にかかわらず、改善策を講じ続けることが成功につながる。,hard,N2
H176,部下の意見を取り入れるだけでなく、自らも率先して行動するべきだ。,hard,N2
H177,変化の多い環境にあっても、一貫した方針を維持することが信頼につながる。,hard,N2
H178,上司の期待に応える以上は、自分の責任を全うする覚悟が必要だ。,hard,N2
H179,成果が不十分であっても、改善点を分析して次に活かすことが大切だ。,hard,N2
H180,計画の立案に際して、関係者全員の意見を公平に反映させることが求められる。,hard,N2
H181,急速な環境変化に対応するが早いか、チーム全体が新戦略を模索し始めた。,hard,N2
H182,部下の意見を聞くにあたって、過去の実績も十分に考慮すべきだ。,hard,N2
H183,問題が複雑である以上は、慎重な分析を怠るわけにはいかない。,hard,N2
H184,長期的な視点に立って判断することこそ、真のリーダーの務めである。,hard,N2
H185,予想外の障害に直面しても、冷静さを失わない姿勢は評価に値する。,hard,N2
H186,部下の努力を尊重するばかりか、自らも手本を示すべきだ。,hard,N2
H187,今回の経験を契機に、より効率的な作業フローを構築できるだろう。,hard,N2
H188,計画の遅れを理由に焦るのではなく、段階的な修正を行うことが望ましい。,hard,N2
H189,過去の失敗に引きずられることなく、新しい方法を模索する勇気が必要だ。,hard,N2
H190,緊急対応を迫られる状況にあって、判断を誤れば取り返しがつかない。,hard,N2
H191,部下の意見を取り入れるだけでなく、全体のバランスも考慮すべきだ。,hard,N2
H192,変化の激しい市場にあっても、柔軟かつ迅速な対応が競争力を生む。,hard,N2
H193,上司の指示を待つだけでなく、自ら判断して行動することも重要である。,hard,N2
H194,予期せぬトラブルに直面しても、冷静な判断を最優先にする必要がある。,hard,N2
H195,計画の見直しに際して、全員の意見を公平に反映させることが求められる。,hard,N2
H196,部下のモチベーションを高める以上は、適切な評価や支援を怠ってはならない。,hard,N2
H197,新たな挑戦にあっても、慎重かつ果敢に行動することが期待される。,hard,N2
H198,計画通りに進まない場合には、迅速に改善策を講じる必要がある。,hard,N2
H199,過去の経験を踏まえて、次の戦略を柔軟に修正することが望ましい。,hard,N2
H200,部下の意見を尊重するだけでなく、適切に方向性を示すことも不可欠だ。,hard,N2
H201,変化の多い環境にあっても、信念を持って行動することが重要である。,hard,N2
H202,上司の期待に応える以上は、自分の責任を全うする覚悟が求められる。,hard,N2
H203,成果が不十分であっても、原因を分析して次の改善に活かすことが大切だ。,hard,N2
H204,計画立案に際して、関係者全員の意見を公平に反映させることが望まれる。,hard,N2
H205,部下の意見を無視するわけにはいかず、慎重に調整する必要がある。,hard,N2
H206,緊急対応に迫られる状況にあっても、冷静な判断が最優先されるべきだ。,hard,N2
H207,変化の激しい市場にあっても、柔軟性を保ちつつ戦略を維持することが重要だ。,hard,N2
H208,計画が遅れたとしても、焦って判断を下すのは避けるべきである。,hard,N2
H209,部下の努力を認めるだけでなく、適切なフィードバックを行うことが望ましい。,hard,N2
H210,予期せぬ事態に際しても、冷静さを保ちながら最適な判断を下すべきだ。,hard,N2
H211,社内規定に従うにしても、状況に応じた柔軟な判断が求められる。,hard,N2
H212,上司の指示を待つばかりではなく、自ら提案を行う姿勢も必要だ。,hard,N2
H213,過去の失敗を反省するだけでなく、未来への改善策を講じることが重要だ。,hard,N2
H214,急な変化に直面しても、慌てずに冷静な判断を下すべきである。,hard,N2
H215,部下の意見を尊重するばかりか、自ら率先して手本を示すことも大切だ。,hard,N2
H216,この機会を契機に、業務フロー全体を見直すことが望まれる。,hard,N2
H217,計画の遅れを理由に焦るのではなく、段階的な修正を検討すべきだ。,hard,N2
H218,経験不足であっても、果敢に挑戦する姿勢は評価されるべきである。,hard,N2
H219,予期せぬトラブルに遭遇しても、冷静さを失わないことが肝要だ。,hard,N2
H220,上司の期待に応えるためには、自らの責任を全うする覚悟が必要だ。,hard,N2
H221,変化の激しい環境にあっても、柔軟かつ迅速に対応することが求められる。,hard,N2
H222,部下の努力を認めるだけでなく、適切な評価や支援を行うべきだ。,hard,N2
H223,過去の経験を踏まえて、次の戦略を効果的に修正することが望まれる。,hard,N2
H224,計画通りに進まない場合には、迅速かつ慎重に改善策を実施するべきだ。,hard,N2
H225,緊急対応を迫られる状況にあっても、判断を誤れば取り返しがつかない。,hard,N2
H226,部下の意見を聞くにあたって、全体のバランスも考慮する必要がある。,hard,N2
H227,予想外の障害に直面しても、冷静さを失わず最善の判断を下すべきだ。,hard,N2
H228,計画立案に際して、関係者全員の意見を公平に反映させることが求められる。,hard,N2
H229,成果が不十分でも、原因を分析し次の改善に活かすことが重要である。,hard,N2
H230,変化の多い環境にあっても、自分の信念を持って行動することが求められる。,hard,N2
H231,部下のモチベーションを高める以上は、適切なフィードバックを怠るべきではない。,hard,N2
H232,長期的な視点から判断することこそ、真のリーダーに求められる資質である。,hard,N2
H233,緊急事態に直面しても、落ち着いて行動することが最優先されるべきだ。,hard,N2
H234,計画の見直しにあたって、全員の意見を尊重し調整することが望ましい。,hard,N2
H235,部下の努力を称賛するだけでなく、適切な指導も行う必要がある。,hard,N2
H236,予期せぬ事態にあっても、冷静かつ迅速に最善策を選択するべきだ。,hard,N2
H237,上司の期待に応える以上は、自己の責任を全うする覚悟を持つことが必要だ。,hard,N2
H238,変化の激しい市場にあっても、柔軟かつ慎重に戦略を調整することが重要である。,hard,N2
H239,過去の経験を生かしつつ、新しい方法を模索する勇気が求められる。,hard,N2
H240,部下の意見を尊重するだけでなく、最終的な方向性を示すことも不可欠だ。,hard,N2
H241,古い慣習に縛られるばかりでは、真の革新は生まれない。,hard,N1
H242,問題の本質を理解するに至っても、解決策は容易ではない。,hard,N1
H243,時間に追われるあまり、細部の確認を怠ることもある。,hard,N1
H244,期待に応えんがために、徹夜で準備を重ねるしかなかった。,hard,N1
H245,経験豊富な彼に限ったことではないが、判断ミスは誰にでもあり得る。,hard,N1
H246,成功を収めたのも努力の賜物であり、偶然の産物ではない。,hard,N1
H247,急な要求に直面しながらも、冷静さを失わず対処した。,hard,N1
H248,新しい技術を導入するにあたり、十分な検討が求められる。,hard,N1
H249,部下の意見を聞くばかりでなく、自らも積極的に発言する姿勢が必要だ。,hard,N1
H250,予想外のトラブルに見舞われても、最善策を模索せずにはいられなかった。,hard,N1
H251,計画が失敗に終わったあげく、改善策を再検討することになった。,hard,N1
H252,業務効率化の観点から言うと、この方法は最適であるとは言えまい。,hard,N1
H253,部下の努力を認めると同時に、さらなる成長を促すことも重要だ。,hard,N1
H254,成果が出ない場合でも、原因分析を怠るわけにはいかない。,hard,N1
H255,変化の激しい環境において、柔軟な対応力は欠かせない。,hard,N1
H256,予期せぬ出来事に直面した際、冷静な判断力を保つことが最優先だ。,hard,N1
H257,経験不足ながらも、全力で課題に取り組む姿勢は評価されるべきである。,hard,N1
H258,上司の指示を待つだけではなく、自発的に行動することが求められる。,hard,N1
H259,成果が上がらないあまり、焦燥感に駆られることもある。,hard,N1
H260,改革の必要性を理解していながら、行動に移せないこともある。,hard,N1
H261,議論の過程で意見を交わすだけでなく、結論に導く努力も重要だ。,hard,N1
H262,困難に直面しても、決して諦めず挑戦し続ける姿勢が求められる。,hard,N1
H263,計画通りに進まぬあげく、新たな戦略を練り直す必要が生じた。,hard,N1
H264,部下の不安を察しながらも、適切な指導を行うことが上司の役割だ。,hard,N1
H265,期待以上の成果を出すことこそ、真の評価に値する。,hard,N1
H266,緊急対応に迫られる状況にあっても、冷静さを欠くわけにはいかない。,hard,N1
H267,変化の激しい環境において、持続可能な戦略を構築することが不可欠だ。,hard,N1
H268,過去の経験を生かしつつ、新しい挑戦に臨む勇気が求められる。,hard,N1
H269,部下の意見を尊重すると同時に、最終判断を下す責任を負う。,hard,N1
H270,失敗を恐れるあまり、行動を控えるようでは何も達成できない。,hard,N1
H271,台風の影響で交通が麻痺したあげく、予定はすべて延期となった。,hard,N1
H272,この計画の成功は、綿密な準備に尽きるものであり偶然ではない。,hard,N1
H273,国際会議の場にあっても、独自の視点を失わず発言することが重要だ。,hard,N1
H274,彼女の提案は斬新であるばかりか、実現可能性も高い。,hard,N1
H275,数々の試練を乗り越えた末に、初めて真の自信が芽生えた。,hard,N1
H276,多忙な日々のあまり、趣味に時間を割けないこともある。,hard,N1
H277,新製品の開発は、前例に倣うのみにとどまらず独自性も求められる。,hard,N1
H278,天候不順で収穫が減ったことにかこつけて、価格を不当に吊り上げる業者もいた。,hard,N1
H279,長期的な視野に立つならば、短期的な利益にこだわるべきではない。,hard,N1
H280,厳しい批判にさらされたが、彼は自分の信念を曲げずに行動した。,hard,N1
H281,その映画は映像美だけでなく、音楽の完成度も卓越していた。,hard,N1
H282,予算不足のため、新規プロジェクトの開始を断念せざるを得なかった。,hard,N1
H283,研究の成果を学会で発表するにあたり、緊張は避けられない。,hard,N1
H284,災害時には、迅速な判断力と冷静さが何よりも求められる。,hard,N1
H285,過去の失敗に学ぶことこそ、将来の成功に直結するのである。,hard,N1
H286,彼の行動は勇敢であるばかりか、思いやりの心も感じられた。,hard,N1
H287,専門知識を活かしつつ、チーム全体の調和を重んじる姿勢が必要だ。,hard,N1
H288,複雑な事情により、計画の見直しを余儀なくされた。,hard,N1
H289,努力の甲斐あって、新しい技術の習得に成功した。,hard,N1
H290,その提案は革新的であるが、現実的な制約を考慮すると実行は難しい。,hard,N1
H291,議論を重ねた末に、最適な方針がようやく決定された。,hard,N1
H292,人間関係のトラブルに直面しても、冷静さを保つことは容易ではない。,hard,N1
H293,古典文学を読むことは、語彙力を高めるばかりか思考力も鍛える。,hard,N1
H294,予測不可能な事態に遭遇したとき、柔軟な対応力が試される。,hard,N1
H295,彼女の発言は的確であるばかりか、聴衆の心にも響いた。,hard,N1
H296,経済情勢の変化に伴って、戦略を迅速に見直す必要がある。,hard,N1
H297,緊張のあまり、思わず言葉を詰まらせてしまった。,hard,N1
H298,専門家の意見を踏まえて、最終的な判断を下すことが求められる。,hard,N1
H299,新たな市場に挑戦するにあたって、十分な準備は欠かせない。,hard,N1
H300,困難に直面したとしても、決して諦めずに挑戦を続けるべきだ。,hard,N1