index,Original,English,JLPT Level
1,ちゃいけない・じゃいけない,must not do (spoken Japanese),N5
2,だ・です,"to be (am, is, are, were, used to)",N5
3,だけ,only; just; as much as,N5
4,だろう,"I think; it seems; probably; right?",N5
5,で,in; at; on; by; with; via,N5
6,でも,but; however,N5
7,でしょう,"I think; it seems; probably; right?",N5
8,どんな,what kind of; what sort of,N5
9,どうして,why; for what reason; how,N5
10,どうやって,how; in what way; by what means,N5
11,が,subject marker; however; but,N5
12,があります,there is; is (non-living things),N5
13,がほしい,to want something,N5
14,がいます,there is; to be; is (living things),N5
15,ほうがいい,had better; it'd be better to; should~,N5
16,い-adjectives,i-adjectives,N5
17,一番,the most; the best,N5
18,一緒に,together,N5
19,いつも,always; usually; habitually,N5
20,じゃない・ではない,"to not be (am not; is not; are not)",N5
21,か,question particle,N5
22,か〜か,or,N5
23,から,because; since; from,N5
24,方,the way of doing something; how to do,N5
25,けど,but; however; although,N5
26,けれども,but; however; although,N5
27,まだ,still; not yet,N5
28,まだ〜ていません,have not yet,N5
29,まで,until ~; as far as ~; to (an extent); even ~,N5
30,前に,before ~; in front of ~,N5
31,ませんか,would you; do you want to; shall we~,N5
32,ましょう,let's ~; shall we ~,N5
33,ましょうか,shall I ~; used to offer help to the listener,N5
34,も,too; also; as well,N5
35,もう,already; anymore; again; other,N5
36,な-adjectives,na-adjectives,N5
37,なあ,sentence ending particle; confirmation; admiration; etc,N5
38,ないで,without doing~; To do [B] without doing [A],N5
39,ないでください,please don't do,N5
40,なくてもいい,don't have to,N5
41,なくちゃ,must do; need to; gotta do,N5
42,なくてはいけない,must do; need to do,N5
43,なくてはならない,must do; need to do,N5
44,なる,to become,N5
45,んです,to explain something; show emphasis,N5
46,ね,isn't it? right? eh?,N5
47,に,destination particle; in; at; on; to,N5
48,にいく,go to do,N5
49,にする,to decide on,N5
50,に/へ,"to (indicates direction / destination)",N5
51,の,possessive particle,N5
52,のです,to explain something; show emphasis,N5
53,のが下手,to be bad at doing something,N5
54,のが上手,to be good at,N5
55,のが好き,to like doing something,N5
56,の中で[A]が一番,out of this group; [A] is best,N5
57,ので,because of; given that; since,N5
58,を,object marker particle,N5
59,をください,please give me~,N5
60,しかし,but; however,N5
61,すぎる,too much,N5
62,たことがある,to have done something before,N5
63,たい,want to do something,N5
64,たり〜たり,do such things as A and B,N5
65,てある,is/has been done (resulting state),N5
66,ている,ongoing action or current state,N5
67,てから,after doing~,N5
68,てください,please do,N5
69,てはいけない,must not; may not; cannot,N5
70,てもいいです,is OK to..; is alright to..; may I..?,N5
71,と,and; with; as; connecting particle,N5
72,とき,when; at this time,N5
73,とても,very; awfully; exceedingly,N5
74,つもり,plan to ~; intend to ~,N5
75,は,- topic marker; topic marker,N5
76,は〜より・・・です,[A] is more ~ than [B],N5
77,はどうですか,how about; how is,N5
78,や,and; or; connecting particle,N5
79,よ,you know; emphasis (ending particle),N5
80,より〜ほうが,[A] is more than [B],N5
81,間,while; during; between,N4
82,間に,while/during~ something happened,N4
83,あまり～ない,not very; not much,N4
84,後で,after ~; later,N4
85,ば,conditional form; If [A] then [B],N4
86,場合は,in the event of; in the case that,N4
87,ばかり,only; nothing but,N4
88,だけで,just by; just by doing,N4
89,出す,to suddenly begin; to suddenly appear,N4
90,でございます,to be (honorific),N4
91,でも,... or something,N4
92,ではないか,right?; isn't it?,N4
93,が必要,need; necessary,N4
94,がする,to smell; hear; taste,N4
95,がり,personality; tend to~; sensitivity towards~,N4
96,がる・がっている,to show signs of; to appear; to feel,N4
97,ございます,"to be, to exist (polite form of いる/ある)",N4
98,始める,to start; to begin to ~,N4
99,はずだ,it must be; it should be (expectation),N4
100,はずがない,cannot be (impossible),N4
101,必要がある,need to; it is necessary to,N4
102,意向形,volitional form; let's do ~,N4
103,いらっしゃる,to be; to come; to go (polite version),N4
104,いたします,to do (polite form of する),N4
105,じゃないか,right? isn't it? let's~; confirmation,N4
106,かどうか,whether or not,N4
107,かしら,I wonder,N4
108,かい,turns a sentence into a yes/no question,N4
109,かもしれない,might; perhaps; indicates possibility,N4
110,かな,I wonder; should I?,N4
111,から作る,made from; made with,N4
112,きっと,surely; undoubtedly; certainly; likely,N4
113,頃,around; about; when,N4
114,こと,Verb nominalizer,N4
115,ことがある,there are times when,N4
116,ことができる,can; able to,N4
117,ことになる,"It has been decided that..; it turns out ~",N4
118,ことにする,to decide on,N4
119,くする,to make something ~,N4
120,急に,suddenly,N4
121,までに,by; by the time; indicates time limit,N4
122,まま,as it is; current state; without changing,N4
123,または,both; or; otherwise; choice of [A] or [B],N4
124,みたいだ,"like, similar to, resembling",N4
125,みたいな,"like, similar to",N4
126,みたいに,"like, similar to",N4
127,も,as many as; as much as; up to; nearly,N4
128,な,don’t ~ (order somebody to not do ~),N4
129,など,"such as, things like",N4
130,ながら,while; during; as; simultaneously,N4
131,なかなか～ない,not easy to; struggling to; not able to~,N4
132,なければいけない,must do something; have to do something,N4
133,なければならない,must do something; have to do something,N4
134,なら,if; in the case that ~,N4
135,なさい,do this (soft/firm command),N4
136,なさる,to do (honorific),N4
137,に気がつく,to notice; to realize,N4
138,にみえる,to look; to seem; to appear,N4
139,にする,to make something ~,N4
140,にくい,difficult to do,N4
141,の中で,"in, among",N4
142,のに,"although, in spite of, even though",N4
143,のに,"to (do something); in order to",N4
144,のは〜だ,"[A] is [B]; the reason for [A] is [B]",N4
145,お～ください,please do (honorific),N4
146,お～になる,to do (honorific),N4
147,おきに,"repeated at intervals, every",N4
148,終わる,to finish; to end,N4
149,られる,potential form; ability/inability to do ~,N4
150,らしい,it seems like; I heard; apparently~,N4
151,さ,-ness; nominalizer for adjective,N4
152,さっき,some time ago; just now,N4
153,させられる,causative-passive; to be made to do ~,N4
154,させる,causative form; to make/let somebody do,N4
155,させてください,please let me do,N4
156,さすが,as one would expect; as is to be expected,N4
157,し,and; and what’s more; emphasis,N4
158,そんなに,"so much; so; like that",N4
159,それでも,but still; and yet; even so,N4
160,そうだ [1],"I heard that; it is said that",N4
161,そうだ [2],"looks like; appears like",N4
162,そうに・そうな,seems like; looks like,N4
163,たばかり,"just finished; something just occurred",N4
164,たところ,"just finished doing, was just doing",N4
165,他動詞 & 自動詞,Transitive & Intransitive Verbs,N4
166,たがる,wants to do~ (third person),N4
167,たら,"if, after, when",N4
168,たらどう,why don't you,N4
169,たらいいですか,"what should I do?; seeking instruction",N4
170,て / で,"conjunctive; so; because of [A], [B]...",N4
171,てあげる,to do for; to do a favor,N4
172,てほしい,I want you to; need you to~,N4
173,ていく,to start; to continue; to go on,N4
174,ていた,was doing something (past continuous),N4
175,ていただけませんか,could you please,N4
176,てくれる,to do a favor; do something for someone,N4
177,てくる,to do… and come back; to continue,N4
178,てみる,try doing,N4
179,てもらう,to get somebody to do something,N4
180,ておく,to do something in advance,N4
181,てしまう / ちゃう,"to do something by accident, to finish",N4
182,てすみません,I’m sorry for,N4
183,てやる,to do for; to do a favor (casual),N4
184,てよかった,I’m glad that..,N4
185,ているところ,in the process of doing,N4
186,ても,"even; even if; even though",N4
187,と,"whenever [A] happens, [B] also happens",N4
188,と言ってもいい,"you could say; one might say; I'd say",N4
189,という,"called; named; that",N4
190,ということ,convert phrase into noun,N4
191,と言われている,it is said that...,N4
192,と聞いた,I heard...,N4
193,と思う,"to think…; I think…; you think…",N4
194,とか～とか,among other things; such as; like,N4
195,ところ,"just about to; on the verge of doing ~",N4
196,続ける,continue to; keen on,N4
197,って,"named; called",N4
198,受身形,passive form; passive voice,N4
199,は〜が… は,"[A] but [B]; however; comparison",N4
200,やすい,easy to; likely to; prone to; a tendency to~,N4
201,やっと,at last; finally; barely; narrowly,N4
202,より,than; rather than; more than,N4
203,予定だ,"plan to, intend to",N4
204,ようだ,"appears; seems; looks as if",N4
205,ように / ような,"like; as; similar to",N4
206,ようになる,"to reach the point that; to turn into",N4
207,ようにする,"to try to; to make sure that",N4
208,ようと思う,"thinking of doing; planning to",N4
209,ぜひ,"by all means; certainly; definitely",N4
210,全然～ない,(not) at all,N4
211,づらい,difficult to do,N4
212,上げる,to finish doing~,N3
213,あまり,"so much… that",N3
214,あまりにも,"too…; so much… that; excessively~",N3
215,合う,do something together,N3
216,ばいい,"should, can, it’d be good if",N3
217,ばよかった,"should have, would have been better if~",N3
218,ば～ほど,the more… the more,N3
219,ば～のに,"would have; should have; if only~",N3
220,ばかりで,"only; just (negative description)",N3
221,ばかりでなく,"not only.. but also; as well as",N3
222,べきだ,"should do~; must do~",N3
223,べきではない,"should not do~; must not do~",N3
224,別に～ない,"not really, not particularly",N3
225,ぶりに,for the first time in (period of time),N3
226,中,"currently; during; throughout",N3
227,だけ,as much as~,N3
228,だけでなく,"not only… but also",N3
229,だけど,"however; but",N3
230,だらけ,"full of; covered with; a lot of~",N3
231,どんなに～ても,no matter how (much),N3
232,どうしても,"no matter what; at any cost; after all",N3
233,ふりをする,"to pretend; to act as if~",N3
234,ふと,"suddenly; accidentally; unexpectedly",N3
235,がち,"tend to; tendency to; frequently; often~",N3
236,がたい,"very difficult to; impossible to",N3
237,気味,"-like; -looking; -looked; tending to",N3
238,ごとに,"each; every; at intervals of",N3
239,ほど,"degree; extent; bounds; upper limit",N3
240,ほど～ない,is not as… as,N3
241,一度に,all at once,N3
242,いくら～ても,no matter how~,N3
243,一方だ,"more and more; continue to",N3
244,一体,"emphasis; what on earth?",N3
245,じゃない,"maybe; most likely; confirmation",N3
246,か何か,or something,N3
247,かける,"half-; not yet finished; in the middle of~",N3
248,から〜にかけて,"through; from [A] to [B]",N3
249,代わりに,"instead of; in exchange for~",N3
250,結果,"as a result of; after",N3
251,結局,"after all; eventually; in the end",N3
252,決して～ない,"never; by no means",N3
253,切れない,"unable to do; too much to finish",N3
254,きり,"only; just; since; after",N3
255,切る,to do something completely to the end,N3
256,っけ,casual suffix to confirm something,N3
257,込む,"Move inside; do a long time",N3
258,こそ,"for sure; precisely; definitely",N3
259,こと,(must) do,N3
260,ことから,from the fact that~,N3
261,ことになっている,"to be expected to; it has been decided~",N3
262,ことはない,"there is no need to; no possibility that~",N3
263,ことは～が,"although; but",N3
264,くらい・ぐらい,"approximately; about; to the extent",N3
265,くせに,"although~; despite the fact that~",N3
266,まるで,"as if; as though; just like",N3
267,まさか,"there's no way; that's impossible",N3
268,めったに～ない,"hardly; rarely; seldom",N3
269,も～ば～も,"and; also; as well; either/or; neither",N3
270,もしかしたら,"perhaps; maybe; perchance; by chance",N3
271,もしも〜たら,"if; in the case; supposing~",N3
272,向け,"intended for; aimed at~",N3
273,向き,"suitable for~",N3
274,むしろ,"rather; instead; better",N3
275,ながらも,"but; although; despite",N3
276,ないことはない,"can do~; is not impossible to~",N3
277,ないと,"must do; unless/if you don't~",N3
278,なかなか,"quite~; pretty~; rather~; just not ~",N3
279,なんか / なんて,"examples; modesty; make light of~",N3
280,直す,"to do something again; to do over",N3
281,なるべく,as much as possible,N3
282,なぜなら,"because; the reason is",N3
283,んだって,"I hear that; heard that~",N3
284,に違いない,"I’m sure/ certain; no doubt that",N3
285,に反して,"against; contrary to; in contrast to",N3
286,にかけて,"over (a period); concerning; regarding~",N3
287,に関する,"about; regarding; related to",N3
288,にかわって,"instead of~; replacing~; on behalf of~",N3
289,に比べて,"compared to~; in comparison to~",N3
290,に慣れる,to be used to something,N3
291,において,"in; at (place); regarding~; as for~",N3
292,にしたがって,"as; therefore; in accordance with",N3
293,にしても,"even if; even though; regardless of",N3
294,にしては,for; considering it’s,N3
295,に対して,"towards; against; regarding~",N3
296,にとって,"to; for; concerning; regarding~",N3
297,について,"concerning; regarding; about; on",N3
298,につれて,"as; in proportion to; with; as… then…",N3
299,には,"for the purpose of; in order to~",N3
300,によると /によれば,according to~,N3
301,によって / による,"by means of; due to; because of~",N3
302,のでしょうか,ask a question in a polite way,N3
303,を中心に,"focused on; centered on",N3
304,をはじめ,"for example; starting with",N3
305,を込めて,"filled with; full of",N3
306,を通じて /を通して,"through; via; throughout; by",N3
307,おかげで,"thanks to ...; owing to ...; because of ...",N3
308,っぱなし,leaving (something) on / still in use,N3
309,っぽい,"seems; somewhat; -ish; easily does~",N3
310,さえ,"even; so much as; not even",N3
311,さえ～ば,"if only; as long as",N3
312,際に,"when; at the time of; in the case of",N3
313,最中に,"while; during; in the middle of",N3
314,さらに,"furthermore; again; more and more",N3
315,さて,"conjunction: well; now; then",N3
316,せいで,"because of; due to; as a result of~",N3
317,せいぜい,"at the most; at best; to the utmost",N3
318,しばらく,"for a moment; for a while",N3
319,しかない,have no choice but~,N3
320,そのために,"hence; for that reason; because of~",N3
321,それとも,"or; or else",N3
322,そうもない,"very unlikely to~; showing no signs of~",N3
323,すでに,something has already been done,N3
324,すなわち,"in other words; namely",N3
325,数量 + は,at least,N3
326,たものだ,"used to do; would often do",N3
327,たとたん,"as soon as; just as",N3
328,たびに,"whenever; every time",N3
329,ために,"for; in order to; for the benefit of",N3
330,確かに,"surely, certainly",N3
331,たて,"just done; freshly done; newly done",N3
332,たとえ～ても,even if… is the case,N3
333,例えば,for example,N3
334,たって,"even if; even though; no matter how",N3
335,てばかりいる,"only; nothing but~",N3
336,てごらん,"(please) try to; (please) look",N3
337,てはじめて,"not until; only after [x] did I",N3
338,てからでないと,"must first do; cannot do without~",N3
339,てしょうがない,"can't help but~; very; extremely",N3
340,て済む,"sufficient by; resolve by~",N3
341,てはいけないから,in order to not~,N3
342,ている場合じゃない,this is no time to be doing~,N3
343,的,change noun into na-adjective,N3
344,ても始まらない,"even if you... it’s no use",N3
345,てもかまわない,it doesn't matter if ~,N3
346,てもしょうがない,"there's no point to~; it's no use to~",N3
347,と言えば,"speaking of; when you talk of~",N3
348,といい / たらいい,"it would be nice if; should; I hope~",N3
349,といっても,"although I say; although one might say~",N3
350,ということだ,"I heard; it means~; in other words~",N3
351,というのは,"this means~; because~; that is to say",N3
352,と言うと,"speaking of; when you say~",N3
353,というより,"rather than~; more than~",N3
354,とみえる / とみえて,it seems that~,N3
355,とすれば,"in the case of~; assuming~; if A then B",N3
356,と共に,"together with; at the same time as",N3
357,途中で,"on the way; in the middle of~",N3
358,ところで,by the way~,N3
359,ところが,"even so; however; even though~",N3
360,とおりに,"in the same way as; in the way; as~",N3
361,通す,"to do until the end; to continually do",N3
362,として,"as~; in the role of~",N3
363,とても～ない,"cannot possibly be; hardly~",N3
364,とは限らない,"not necessarily so; is not always true",N3
365,つい,"accidentally; unintentionally",N3
366,ついに,"finally ~; at last ~; in the end",N3
367,ついでに,"while, incidentally, at the same time",N3
368,つまり,"in other words; in summary; in short",N3
369,つもりだった,"I thought I~; I believe I did~",N3
370,つもりで,"with the intention of doing~",N3
371,うちに,"while; before~",N3
372,上で,"upon; after; when; for; in order to",N3
373,上に,"as well; not only… but also",N3
374,は別として,"aside from; whether or not~",N3
375,はもちろん,"not to mention; not only; but also~",N3
376,は～で有名,"famous for~",N3
377,わけだ,"for that reason; no wonder",N3
378,わけではない,it doesn’t mean that~,N3
379,わけがない,there is no way that~,N3
380,わけにはいかない,"must not; cannot afford to; must~",N3
381,割に,"considering; relatively; unexpectedly",N3
382,わざと,"on purpose; intentionally~",N3
383,わざわざ,to go to the trouble of,N3
384,よりも,"rather than~; more than~",N3
385,ようがない,"there is no way to; it’s impossible to~",N3
386,ような気がする,"have a feeling that; feels like; seems like",N3
387,ように,"in order to, so that~",N3
388,ように見える,"to look; to seem; to appear~",N3
389,ようとしない,"not try to; not make an effort to~",N3
390,ようとする,"try to; attempt to; be about to~",N3
391,ずに,without doing~,N3
392,ずにはいられない,"can’t help but feel; can’t help but do",N3
393,ずつ,"a piece; each; at a time",N3
394,あげく,"to end up; in the end; finally; after all",N2
395,あるいは,"or; either; maybe; perhaps; possibly",N2
396,ばかり,"about, approximately",N2
397,ばかりだ,"continue to (go in negative direction)",N2
398,ばかりか,"not only.. but also; as well as",N2
399,ばかりに,"simply because; on account of",N2
400,ちなみに,"by the way; incidentally",N2
401,ちっとも～ない,"(not) at all; (not) in the least",N2
402,だけあって,"being the case; precisely because",N2
403,だけましだ,"it’s better than; should feel grateful for",N2
404,だけに,"being the case; precisely because",N2
405,だけのことはある,"as expected of; not for nothing",N2
406,だけは,"to do all that one can",N2
407,だって,"because; but; after all; even; too",N2
408,でしかない,"merely; nothing but; no more than",N2
409,どころではない,"not the time for; far from",N2
410,どころか,"far from; anything but; let alone",N2
411,どうやら,"apparently; seems like; somehow",N2
412,どうせ,"anyhow; in any case; at any rate",N2
413,得ない,"unable to; cannot; it is not possible to~",N2
414,得る / 得る,"can; to be able to; is possible to~",N2
415,再び,"again; once more",N2
416,ふうに,"this way; that way; in such a way; how",N2
417,がきっかけで,"as a result of; taking advantage of",N2
418,げ,"looks like; seems like; appears to",N2
419,逆に,"conversely; on the contrary",N2
420,反面,"while, although; on the other hand",N2
421,果たして,"as was expected; sure enough; really",N2
422,一応,"more or less; pretty much; roughly",N2
423,以外,"with the exception of; excepting",N2
424,以上に,"more than; not less than; beyond",N2
425,以上は,"because; since; seeing that",N2
426,いきなり,"abruptly; suddenly; all of a sudden",N2
427,一気に,"in one go; without stopping; all at once",N2
428,一方で,"on one hand, on the other hand",N2
429,いわゆる,"what is called; as it is called; so-called",N2
430,いよいよ,"at last; finally; beyond doubt",N2
431,上,"for the sake of; from the standpoint of",N2
432,かのように,"as if; just like",N2
433,かと思ったら,"just when; no sooner than",N2
434,か～ないかのうちに,"just as; right after; as soon as",N2
435,かえって,"on the contrary; rather; all the more",N2
436,限り,"as long as; while… is the case; as far as",N2
437,甲斐がある,"it’s worth one’s efforts to do something",N2
438,かねない,"(someone) might do something",N2
439,かねる,"unable to do something; can’t do~",N2
440,から言うと,"in terms of; from the point of view of",N2
441,からこそ,"precisely because",N2
442,から見ると,"from the point of view of; judging from",N2
443,からには,"now that; since; so long as; because",N2
444,からして,"judging from; based on; since; from",N2
445,からすると,"judging from; considering",N2
446,からと言って,"just because; even if; even though~",N2
447,っこない,"no chance of; definitely not possible",N2
448,ことだ,"should do~ (suggestions or advice)",N2
449,ことだから,"because; since~",N2
450,ことか,"how…!; what…!",N2
451,ことなく,"without doing something even once",N2
452,ことに,"emphasize speaker's feelings",N2
453,ことにはならない,"just because… doesn’t mean~",N2
454,くせして,"although~; despite the fact that~",N2
455,まだしも,"rather; better",N2
456,まい,"will not; intend not to",N2
457,ままに,"as, to do as~",N2
458,全く～ない,"not at all~",N2
459,もかまわず,"without caring; without worrying",N2
460,も当然だ,"it’s only natural; no wonder",N2
461,もの / もん,"because; reason/ excuse/dissatisfaction",N2
462,ものだ,"describe feeling; express memories",N2
463,ものだから,"so; therefore; the reason for something",N2
464,ものではない,"shouldn’t do something; it’s impossible",N2
465,ものがある,"there is such a thing; to be the case",N2
466,ものか / もんか,"as if; there's no way~",N2
467,ものなら,"if [A] is possible, then [B]",N2
468,ものの,"but; although; even though~",N2
469,もっとも,"but then; although; though~",N2
470,もう少しで,"almost; nearly, close to~",N2
471,ないではいられない,"can’t help but feel; can’t help but do",N2
472,ないことには～ない,"unless you~",N2
473,中を /中では,"in; on; in the midst of; when; while~",N2
474,なくはない,"it’s not that; I may (double negative)",N2
475,なくて済む,"get by without doing~",N2
476,何も～ない,"nothing; (not) ~ at all",N2
477,なお,"still; yet; furthermore; in addition~",N2
478,ねばならない,"have to do; must; should~",N2
479,にあたって,"at the time; on the occasion of~",N2
480,にほかならない,"nothing but; none other than~",N2
481,に限らず,"not just; not only.. but also~",N2
482,に限る,"is best; nothing is better than~",N2
483,に限って,"only; in particular~",N2
484,に関わらず,"in spite of; regardless of~",N2
485,に関わる,"to relate to; to have to do with",N2
486,に決まっている,"certainly; I’m sure/certain that",N2
487,に越したことはない,"it’s best that, nothing better than",N2
488,に応えて,"in response to",N2
489,に加えて,"in addition",N2
490,に基づいて,"based on; on the basis of",N2
491,に向かって,"to face; to go towards; to head to",N2
492,に応じて,"depending on; in accordance with",N2
493,に際して,"on the occasion of; at the time of",N2
494,に先立ち,"before; prior to",N2
495,にせよ/ にしろ,"even if; regardless; whether... or",N2
496,にしろ～にしろ,"whether… or~",N2
497,にしたら,"from one’s perspective",N2
498,にしても,"regardless of whether",N2
499,に沿って,"along with; in accordance with",N2
500,に相違ない,"without a doubt; certain; sure",N2
501,に過ぎない,"no more than; just; merely; only~",N2
502,に伴って,"as; due to; with; along with; following",N2
503,につけ,"every time; whenever; as; whether",N2
504,につき,"due to; because of; per; each",N2
505,にわたって,"throughout; over a period of",N2
506,にも関わらず,"despite; in spite of; nevertheless",N2
507,にて,"in, at, with, by (formal particle)",N2
508,のももっともだ,"no wonder; …is only natural",N2
509,の下で,"under; with~",N2
510,の上では,"according to; from the viewpoint of~",N2
511,のみならず,"not only; besides; as well as~",N2
512,ぬ,"negative verb conjugation (traditional)",N2
513,抜きにして,"without; leaving out; cutting out~",N2
514,抜く,"from beginning to end; completely",N2
515,を契機に,"as a good opportunity/chance to",N2
516,をめぐって,"concerning; in regard to~",N2
517,をもとに,"based on; derived from; building on",N2
518,を除いて,"except; with the exception of",N2
519,を問わず,"regardless of; irrespective of; no matter",N2
520,お～願う,"please do; could you please~",N2
521,おまけに,"to make matters worse; what's more",N2
522,恐らく,"perhaps; likely; probably; I dare say~",N2
523,恐れがある,"it is feared that; to be in danger of",N2
524,及び,"and; as well as~",N2
525,ろくに～ない,"not well; not enough; improperly",N2
526,幸いなことに,"fortunately; luckily; thankfully~",N2
527,せいか,"perhaps because~",N2
528,せっかく,"especially; (thank you for) troubling to",N2
529,せめて,"at least; at most~",N2
530,次第,"as soon as; dependent upon",N2
531,次第で,"depending on; so~",N2
532,次第に,"gradually; in sequence; in order",N2
533,しかも,"moreover; furthermore; what’s more~",N2
534,その上,"besides; in addition; furthermore~",N2
535,それなのに,"and yet; despite this; but even so~",N2
536,それなら,"if that’s the case; if so~",N2
537,それにしても,"nevertheless; at any rate; even so",N2
538,そう言えば,"come to think of it~",N2
539,そうすると,"having done that; if that is done",N2
540,末に,"finally; after; following; at the end",N2
541,少しも～ない,"not one bit; not even a little~",N2
542,少なくとも,"at least~",N2
543,直ちに,"at once; immediately; directly",N2
544,たまえ,"do~; order somebody to do something",N2
545,てばかりはいられない,"can’t keep doing~",N2
546,てでも,"even if I have to; by all means~",N2
547,て以来,"since; henceforth~",N2
548,ていては,"if one keeps doing~",N2
549,てこそ,"now that; since (something happened)",N2
550,てまで,"even; will go far so as to~",N2
551,てならない,"can't help but; dying to; extremely~",N2
552,てたまらない,"can't help but; dying to; extremely~",N2
553,て当然だ,"natural; as a matter of course",N2
554,ては / では,"whenever; if; when~; repetitive action",N2
555,てはいられない,"can’t afford to; unable to~",N2
556,てはならない,"must not; cannot; should not~",N2
557,ては～ては,"repetitive situations/actions",N2
558,と同時に,"at the same time as; while",N2
559,といった,"like; such as~",N2
560,というふうに,"in such a way that~",N2
561,ということは,"that is to say; in other words~",N2
562,というものだ,"something like; something called~",N2
563,というものではない,"there is no guarantee that~",N2
564,と考えられる,"one can think that; it is conceivable that",N2
565,とか（で）,"I heard that~",N2
566,とっくに,"long ago; already; a long time ago",N2
567,ところだった,"was just about to do something",N2
568,ところに,"at the time; just as I was~",N2
569,ところを見ると,"judging from; seeing that~",N2
570,とも,"even if; no matter; though~",N2
571,としても,"assuming; even if~",N2
572,つつ,"while; even though; despite~",N2
573,つつある,"to be doing; in the process of doing~",N2
574,上は,"now that; since; as long as~",N2
575,はもとより,"also; let alone; from the beginning",N2
576,はともかく,"anyhow; anyway; regardless",N2
577,わずかに,"slightly; only; barely; narrowly~",N2
578,やがて,"before long; soon; almost; eventually~",N2
579,やら～やら,"such things as A and B; and so on~",N2
580,よほど / よっぽど,"very; greatly; much; to a large extent",N2
581,より [2],"from~ (a time, place, or person)",N2
582,よりほかない,"to have no choice but~",N2
583,ようでは,"if~ (bad result)",N2
584,ようではないか,"let’s do (something); why don’t we~",N2
585,ようか～まいか,"whether or not; considering options",N2
586,要するに,"in short; in a word; to sum up",N2
587,ざるを得ない,"cannot help (doing); have no choice but",N2
588,ずに済む,"get by without doing~",N2
589,敢えて,"dare to; deliberately; purposely ~",N1
590,あくまでも,"to the end; persistently; is still very ~",N1
591,案の定,"just as one thought; sure enough",N1
592,あらかじめ,"beforehand; in advance; previously",N1
593,あっての,"which can exist solely due to",N1
594,ばこそ,"only because ~",N1
595,ばそれまでだ / たらそれまでだ,"if… then it’s over",N1
596,べからず / べからざる,"must not; should not; do not ~",N1
597,べく,"in order to; for the purpose of ~",N1
598,べくもない,"cannot possibly be ~",N1
599,べくして,"as it is bound to (happen)",N1
600,びる / びて / びた,"to seem to be; to appear; to behave as ~",N1
601,ぶり / っぷり,"style; manner; way",N1
602,ぶる / ぶって / ぶった,"behaving like; to pretend / act like ~",N1
603,だに / だにしない,"even; not even ~",N1
604,だの〜だの,"and; and the like; and so forth ~",N1
605,だろうに,"(1) surely..., but ~ (2) should have ~",N1
606,であれ / であろうと,"whoever; whatever; however; even ~",N1
607,であれ〜であれ,"whether [A] or [B]",N1
608,でもあり〜でもある,"to also be; both… and ~",N1
609,でも何でもない / くも何ともない,"not in the least; nothing like that",N1
610,でなくてなんだろう,"must be; is definitely ~",N1
611,ではあるまいか,"isn't it; I wonder if it’s not ~",N1
612,ではあるまいし,"it’s not like; it isn’t as if ~",N1
613,では済まない,"it doesn’t end with just ~",N1
614,どうにも〜ない,"not … by any means",N1
615,が早いか,"no sooner than; as soon as ~",N1
616,が/も〜なら、〜も〜だ,"negative connection/comparison",N1
617,がましい,"look like; sound like; somewhat like ~",N1
618,がてら,"while; at the same time; coincidentally",N1
619,ごとき/ごとく/ごとし,"like; as if; the same as ~",N1
620,ぐるみ,"together (with); -wide",N1
621,羽目になる,"to get stuck with (unpleasant)",N1
622,ほどのことではない,"it's not worth; no need to ~",N1
623,ほうがましだ,"better than; would rather ~",N1
624,放題,"doing as one pleases; uncontrolled",N1
625,いかんだ / いかんでは / いかんによっては,"in accordance with; depending on ~",N1
626,いかんにかかわらず / いかんによらず / いかんをとわず,"regardless of; whether or not ~",N1
627,いかなる,"any kind of; every; whatever",N1
628,いかに,"how; in what way; to what extent",N1
629,いかにも,"indeed; really; just (like); very ~",N1
630,いずれにしても / いずれにしろ / いずれにせよ,"anyhow; anyway; in any case ~",N1
631,じみた,"to become; to appear like; to look like ~",N1
632,か否か,"whether or not ~",N1
633,かと思いきや,"contrary to expectations",N1
634,限りだ,"to feel strongly",N1
635,甲斐もなく,"despite; even though ~",N1
636,可能性がある,"may/might; there’s a possibility that ~",N1
637,からある / からする / からの,"at least; as much as; as many as ~",N1
638,かれ〜かれ,"sooner or later; more or less",N1
639,かたがた,"while; at the same time; incidentally ~",N1
640,かたわら,"while; at the same time; in addition",N1
641,かつて,"once; before; formerly; former; ex-",N1
642,嫌いがある,"bad habit; to have a tendency to ~",N1
643,切りがない,"endless; boundless; there’s no end to ~",N1
644,きっての,"the most / greatest … of all",N1
645,極まる / 極まりない,"extremely; very ~",N1
646,こそあれ,"although; even though ~",N1
647,こそすれ,"and; although; but ~",N1
648,こそ〜が・けれど,"but; although (emphasis)",N1
649,ことごとく,"altogether; entirely; completely ~",N1
650,ことこの上ない / この上ない / この上なく,"the most of all; the best; nothing is more ... than ~",N1
651,こともあって,"partly because; also because of ~",N1
652,ことなしに,"without doing something",N1
653,ことのないように,"so as not to; to not ~",N1
654,こととて,"because; since ~",N1
655,くらいなら,"rather than (do ...)",N1
656,くらいのものだ,"only (emphasis)",N1
657,までだ / までのことだ,"only; just; nothing else",N1
658,までもない / までもなく,"there's no need to; not necessary to ~",N1
659,まじき,"should not; must not ~",N1
660,まくる,"to do over and over again",N1
661,まみれ,"covered with; stained; smeared with ~",N1
662,まるっきり,"completely; totally; (not) at all ~",N1
663,めく,"seems; show signs of ~",N1
664,も同然だ,"just like; same as~",N1
665,もさることながら,"not only... but also ~",N1
666,もしないで,"without even doing ~",N1
667,もはや,"already; now; no longer; not anymore",N1
668,もので,"because; for that reason",N1
669,ものを,"if only (regret)",N1
670,ものと思われる / ものと見られる,"to think; to suppose; it is believed/expected that ~",N1
671,ものとする,"shall; to assume; understood as ~",N1
672,ものとして,"to assume; to suppose ~",N1
673,もしくは,"or; otherwise",N1
674,んばかりに,"as if; as though ~",N1
675,んがために,"in order to ~",N1
676,ながらに / ながらの,"while; without change",N1
677,ないまでも,"not to say; does not reach the level of~",N1
678,ないものでもない,"is not entirely impossible",N1
679,ないものか / ないものだろうか,"isn't there; can’t we…?; can’t I…?",N1
680,ないとも限らない,"not necessarily; maybe; might ~",N1
681,なくしては,"cannot do without ~",N1
682,並み,"average; equal to; on par with ~",N1
683,なんという / なんと / なんて,"how (beautiful, etc.); what a ~",N1
684,何しろ,"anyway; because; as you know ~",N1
685,ならでは,"distinctive of; uniquely applying to ~",N1
686,ならいざしらず / はいざしらず,"I don't know about ... but ~",N1
687,なり,"as soon as; right after ~",N1
688,なりに / なりの,"suitable; in one's own way/style",N1
689,なりとも,"at least; even just a little",N1
690,なり〜なり,"[A] or [B] or something; for instance ~",N1
691,なしに / なしで,"without; without doing ~",N1
692,に,"and; in addition to",N1
693,に値する,"to be worth; to be worthy of ~",N1
694,にあって,"at; on; during; in the condition of ~",N1
695,に引き換え,"compared to; in contrast to; unlike ~",N1
696,に至る / に至った,"leads to; come to a conclusion",N1
697,に至るまで,"as far as; everything from ... to ~",N1
698,に至っても,"even if; although something ~",N1
699,に至っては,"when it comes to; as for ~",N1
700,に言わせれば,"if you ask; if one may say ~",N1
701,に限ったことではない,"not limited to only ~",N1
702,にかかっては / にかかったら / にかかると / かかれば,"when handled by (N), becomes a different result",N1
703,にかかっている,"depending on ~",N1
704,にかこつけて,"to use as a pretext; to use as an excuse",N1
705,にかまけて,"to be too busy; to focus only on ~",N1
706,に難くない,"easy to do; it’s not hard to ~",N1
707,にまつわる,"to be related to; to concern with ~",N1
708,に則って,"based on; according to ~",N1
709,に先駆けて,"prior to; being ahead of ~",N1
710,に忍びない,"cannot bring oneself (to do)",N1
711,にしたところで / としたところで,"even if; even supposing that ~",N1
712,にして,"at/on/under conditions (time, position)",N1
713,に即して,"according to; to be based on ~",N1
714,に耐える / に耐えない,"worth doing; cannot bear doing ~",N1
715,に足らない / に足りない,"cannot; not worthy; not worth doing ~",N1
716,に足る / に足りる,"can do; worthy; worth doing",N1
717,に照らして,"according to; in view of; in light of ~",N1
718,にとどまらず,"not limited to; not only… but also ~",N1
719,には無理がある,"difficult to do; is unreasonable",N1
720,によらず,"regardless of ~",N1
721,に〜を重ねて,"success after continuous (effort)",N1
722,にもほどがある,"to go too far",N1
723,にも増して,"more than…; above ~",N1
724,には当たらない,"it’s not worth; there’s no need to ~",N1
725,には及ばない,"there is no need to; no match for ~",N1
726,の至り,"utmost; extremely ~",N1
727,の極み,"utmost; extremely ~",N1
728,のなんのって,"extremely ~ (cannot express in words)",N1
729,のやら / ものやら / ことやら,"I wonder..; unsure; I don’t know ~",N1
730,のやら〜のやら,"or ~ (I don't know)",N1
731,を踏まえて,"to be based on; to take into account ~",N1
732,を経て,"through; by way of; after; via ~",N1
733,を控えて,"to be soon; the time has come to ~",N1
734,をいいことに,"to take advantage of ~",N1
735,を顧みず / も顧みず,"despite; regardless of ~",N1
736,を限りに,"starting from; the last time",N1
737,を兼ねて,"also for the purpose of ~",N1
738,を皮切りに,"one after another; starting with ~",N1
739,を機に,"as an opportunity/chance to ~",N1
740,を禁じ得ない,"can’t help but; can’t refrain from ~",N1
741,をものともせずに,"in defiance; not losing to/worrying about ~",N1
742,をもって / をもちまして,"by means of; with; on / at / as of (time)",N1
743,をおいて〜ない,"can only be; no alternative, only ~",N1
744,を押して / を押し切って,"to overcome (opposition)",N1
745,を境に,"since ~ (indicates large change)",N1
746,を余儀なくされる,"forced to do something (no choice)",N1
747,をよそに,"despite; without regards to ~",N1
748,を前提として,"with the intention to; on the condition",N1
749,思いをする,"to think; to feel ~",N1
750,折に,"when; at the time; on the occasion ~",N1
751,およそ,"about; roughly; generally; completely ~",N1
752,さ,"ending particle; indicates assertion",N1
753,さも,"really (seem, appear, etc.); truly; as if ~",N1
754,さもないと,"otherwise; or else; if not ~",N1
755,さぞ,"surely; certainly; no doubt; indeed ~",N1
756,始末だ,"in the end; as a result (negative)",N1
757,そばから,"as soon as; right after ~",N1
758,そびれる,"to miss a chance; to fail to do ~",N1
759,損なう / 損ねる / 損じる,"to fail to; miss a chance",N1
760,術がない,"there is no way / means; cannot do ~",N1
761,すら / ですら,"even ~ (with emphasis)",N1
762,た弾みに / た拍子に,"the moment [A], unintentionally caused something to happen",N1
763,たことにする / たことになる,"pretend to; contrary to the truth ~",N1
764,たところで,"even if; no matter (who, what, when...)",N1
765,たつもりはない,"have no intention to / didn't mean to ~",N1
766,ただ〜のみだ,"can do nothing but; only ~",N1
767,ためしがない,"is never the case; have never heard of ~",N1
768,たら最後 / たが最後,"if you do... negative result",N1
769,たら〜たで,"if / in the case... of course / should ~",N1
770,たら〜ところだ,"if... (counterfactual), then would be ~",N1
771,たりとも,"not even; not any ~",N1
772,たるもの / たる,"(that) which is; in capacity of ... should",N1
773,て敵わない,"can't bear to; unable to; troublesome to",N1
774,てからというもの,"ever since ~",N1
775,てみせる,"I’ll do my best; I'll show you ~",N1
776,てしかるべきだ,"should; appropriate; natural to do ~",N1
777,て済むことではない,"~ is not enough to solve the problem",N1
778,てやまない,"always; never stop; can’t help but ~",N1
779,手前,"considering; before; one’s standpoint",N1
780,てもどうにもならない,"it's no use; can't do anything",N1
781,ても差し支えない,"can ~; it’s okay if ~ (compromise)",N1
782,ても知らない,"if continue... you'll end up / I don't care",N1
783,と相まって,"together with..., more ~",N1
784,とあれば,"if it is the case that; if ~",N1
785,とあって,"due to the fact that; because of ~",N1
786,とばかりに,"as if to say; as though~",N1
787,といえども,"even if; even though; despite ~",N1
788,と言えなくもない,"it can also be said that ~",N1
789,といい〜といい,"both ... and; whether it be ... or ~",N1
790,といったらない,"extremely; nothing more ... than this",N1
791,という,"all; every single ~ (no exceptions)",N1
792,というか〜というか,"or rather; I mean ~",N1
793,というもの,"during; for; since; over a period of time",N1
794,というところだ / といったところだ,"at the most; no more than; roughly ~",N1
795,というわけだ,"that's why; no wonder ~",N1
796,というわけではない,"it’s not that; it doesn’t mean that ~",N1
797,といわず〜といわず,"both; not only A or B, but (overall) ~",N1
798,ときている,"because of ~",N1
799,とみると,"as soon as one realizes ..., then ~",N1
800,と見るや,"at the sight of; after confirming ~",N1
801,となると / となれば,"when it comes to; in such a case",N1
802,とされる,"is considered to; it is said that ~",N1
803,ときたら,"when it comes to; concerning ~",N1
804,ところを,"although (it is a certain time/condition)",N1
805,ともあろうものが,"of all people... (surprise)",N1
806,ともなく / ともなしに,"somehow; without knowing/thinking",N1
807,ともすれば,"apt to (do); tend to; liable to; prone to ~",N1
808,とも〜とも,"unable to draw a conclusion/ judge",N1
809,とりわけ,"especially; above all ~",N1
810,としたことが,"of all people, who would have thought?",N1
811,とっさに,"at once; right away; promptly",N1
812,とて,"even; even if/though ~",N1
813,とは,"I was surprised that; the fact that ~",N1
814,とはいえ,"though; although; nonetheless",N1
815,とは比べものにならない,"can't compare with ~",N1
816,とは打って変わって / とは打って変わり,"unlike; very different from ~",N1
817,つ〜つ,"and ~ (indicates 2 contrasting actions)",N1
818,尽くす,"to use up (completely)",N1
819,ってば / ったら,"speaking of; I told you already",N1
820,うちに入らない,"not really; can't be regarded as ~",N1
821,わ,"feminine sentence ending particle",N1
822,はどうであれ,"however; whatever ~",N1
823,はおろか,"let alone; needless to say ~",N1
824,はさておき,"setting aside ~",N1
825,はそっちのけで / をそっちのけで,"ignoring (one thing) for (another)",N1
826,わ〜わで,"and (list neg. things happening at same time)",N1
827,や否や,"as soon as; the moment ~",N1
828,やしない,"should do, but don't; there's no way ~",N1
829,やれ〜やれ,"give 2 representative examples (negative)",N1
830,ようが / ようと,"even if; no matter how/what ~",N1
831,ようが〜ようが / ようと〜ようと,"no matter; whether; even if [A] or [B]",N1
832,ようによっては / ようでは,"depending on the way; according to how ~",N1
833,ようにも〜ない,"even if I wanted to… I couldn’t ~",N1
834,ようと〜まいと / ようが〜まいが,"whether or not; regardless",N1
835,ゆえに,"therefore; consequently; because of ~",N1
836,ぞ・ぜ,"ending particle; adds force/command",N1
837,ずじまい,"ended up not doing ~",N1
838,ずにはおかない / ないではおかない,"will definitely do something",N1
839,ずには済まない / ないでは済まない,"must; will definitely; can’t help but to ~",N1
840,ずとも,"even without doing/being ~",N1
841,ずくめ,"completely; entirely; nothing but ~",N1
